Workbook

Sheet Pick Module #1
U1: 1ST FLOOR | AO1: PICK MOD 1 | BP1: 1ST FLOOR
C4: TOTE FARM - 8' BAY | G4: TOTE FARM - 8' BAY | K4: M11-1-6C06 | L4: M11-1-6C05 | M4: M11-1-6C04 | N4: M11-1-6C03 | O4: M11-1-6C02 | P4: M11-1-6C01 | Q4: M11-1-5C06 | R4: M11-1-5C05 | S4: M11-1-5C04 | T4: M11-1-5C03 | U4: COLUMN | V4: M11-1-5C01 | W4: M11-1-4C06 | X4: M11-1-4C05 | Y4: M11-1-4C04 | Z4: M11-1-4C03 | AA4: M11-1-4C02 | AB4: M11-1-4C01 | AC4: M11-1-3C06 | AD4: M11-1-3C05 | AE4: M11-1-3C04 | AF4: M11-1-3C03 | AG4: M11-1-3C02 | AH4: M11-1-3C01 | AI4: M11-1-2C06 | AJ4: M11-1-2C05 | AK4: M11-1-2C04 | AL4: M11-1-2C03 | AM4: M11-1-2C02 | AN4: M11-1-2C01 | AO4: M11-1-1C06 | AP4: M11-1-1C05 | AQ4: M11-1-1C04 | AR4: M11-1-1C03 | AS4: M11-1-1C02 | AT4: M11-1-1C01 | AU4: M13-1-9C06 | AV4: M13-1-9C05 | AW4: M13-1-9C04 | AX4: M13-1-9C03 | AY4: M13-1-9C02 | AZ4: M13-1-9C01 | BA4: M13-1-8A01 | BB4: =IFERROR(VLOOKUP(BA4,'Module Items'!$A$1:$B$2587,2,FALSE),"") -> 51244 | BC4: =IFERROR(VLOOKUP(BA4,'Monthly Line Picks'!$A$1:$D$2000,4,FALSE),"0") -> 3 | BD4: M13-1-8A10 | BE4: =IFERROR(VLOOKUP(BD4,'Module Items'!$A$1:$B$2587,2,FALSE),"") -> 110177 | BF4: =IFERROR(VLOOKUP(BD4,'Monthly Line Picks'!$A$1:$D$2000,4,FALSE),"0") -> 22 | BG4: M13-1-8B09 | BH4: =IFERROR(VLOOKUP(BG4,'Module Items'!$A$1:$B$2587,2,FALSE),"") -> 1650 | BI4: =IFERROR(VLOOKUP(BG4,'Monthly Line Picks'!$A$1:$D$2000,4,FALSE),"0") -> 0 | BJ4: M13-1-8C06 | BK4: =IFERROR(VLOOKUP(BJ4,'Module Items'!$A$1:$B$2587,2,FALSE),"") -> 115493 | BL4: =IFERROR(VLOOKUP(BJ4,'Monthly Line Picks'!$A$1:$D$2000,4,FALSE),"0") -> 4 | BM4: M13-1-8D03 | BN4: =IFERROR(VLOOKUP(BM4,'Module Items'!$A$1:$B$2587,2,FALSE),"") -> 160377 | BO4: =IFERROR(VLOOKUP(BM4,'Monthly Line Picks'!$A$1:$D$2000,4,FALSE),"0") -> 25 | BP4: M13-1-8E02 | BQ4: =IFERROR(VLOOKUP(BP4,'Module Items'!$A$1:$B$2587,2,FALSE),"") -> 342 | BR4: =IFERROR(VLOOKUP(BP4,'Monthly Line Picks'!$A$1:$D$2000,4,FALSE),"0") -> 1 | BS4: COLUMN W/ FIRE EXTINGUISHER | BV4: WALKWAY | BY4: M13-1-6C06 | BZ4: M13-1-6C05 | CA4: M13-1-6C04 | CB4: M13-1-6C03 | CC4: M13-1-6C02 | CD4: M13-1-6C01 | CE4: M13-1-5C06 | CF4: M13-1-5C05 | CG4: M13-1-5C04 | CH4: M13-1-5C03 | CI4: M13-1-5C02 | CJ4: M13-1-5C01 | CK4: M13-1-4C06 | CL4: M13-1-4C05 | CM4: M13-1-4C04 | CN4: M13-1-4C03 | CO4: M13-1-4C02 | CP4: M13-1-4C01 | CQ4: M13-1-3C06 | CR4: M13-1-3C05 | CS4: M13-1-3C04 | CT4: M13-1-3C03 | CU4: M13-1-3C02 | CV4: M13-1-3C01 | CW4: M13-1-2C06 | CX4: M13-1-2C05 | CY4: M13-1-2C04 | CZ4: M13-1-2C03 | DA4: M13-1-2C02 | DB4: M13-1-2C01 | DC4: M13-1-1A01 | DD4: =IFERROR(VLOOKUP(DC4,'Module Items'!$A$1:$B$2587,2,FALSE),"") -> 62617 | DE4: =IFERROR(VLOOKUP(DC4,'Monthly Line Picks'!$A$1:$D$2000,4,FALSE),"0") -> 1 | DF4: M13-1-1A10 | DG4: =IFERROR(VLOOKUP(DF4,'Module Items'!$A$1:$B$2587,2,FALSE),"") -> 87064 | DH4: =IFERROR(VLOOKUP(DF4,'Monthly Line Picks'!$A$1:$D$2000,4,FALSE),"0") -> 21 | DI4: M13-1-1D03 | DJ4: =IFERROR(VLOOKUP(DI4,'Module Items'!$A$1:$B$2587,2,FALSE),"") -> 95802 | DK4: =IFERROR(VLOOKUP(DI4,'Monthly Line Picks'!$A$1:$D$2000,4,FALSE),"0") -> 8 | DL4: M13-1-1B09 | DM4: =IFERROR(VLOOKUP(DL4,'Module Items'!$A$1:$B$2587,2,FALSE),"") -> 131492 | DN4: =IFERROR(VLOOKUP(DL4,'Monthly Line Picks'!$A$1:$D$2000,4,FALSE),"0") -> 0 | DO4: M13-1-1C06 | DP4: =IFERROR(VLOOKUP(DO4,'Module Items'!$A$1:$B$2587,2,FALSE),"") -> 136011 | DQ4: =IFERROR(VLOOKUP(DO4,'Monthly Line Picks'!$A$1:$D$2000,4,FALSE),"0") -> 22 | DR4: M13-1-1E02 | DS4: =IFERROR(VLOOKUP(DR4,'Module Items'!$A$1:$B$2587,2,FALSE),"") -> 112644 | DT4: =IFERROR(VLOOKUP(DR4,'Monthly Line Picks'!$A$1:$D$2000,4,FALSE),"0") -> 0
K5: =IFERROR(VLOOKUP(K4,'Module Items'!$A$1:$B$2587,2,FALSE),"") -> 90495 | L5: =IFERROR(VLOOKUP(L4,'Module Items'!$A$1:$B$2587,2,FALSE),"") -> 60044 | M5: =IFERROR(VLOOKUP(M4,'Module Items'!$A$1:$B$2587,2,FALSE),"") -> 176124 | N5: =IFERROR(VLOOKUP(N4,'Module Items'!$A$1:$B$2587,2,FALSE),"") -> 133420 | O5: =IFERROR(VLOOKUP(O4,'Module Items'!$A$1:$B$2587,2,FALSE),"") -> 156308 | P5: =IFERROR(VLOOKUP(P4,'Module Items'!$A$1:$B$2587,2,FALSE),"") -> 138661 | Q5: =IFERROR(VLOOKUP(Q4,'Module Items'!$A$1:$B$2587,2,FALSE),"") -> 158198 | R5: =IFERROR(VLOOKUP(R4,'Module Items'!$A$1:$B$2587,2,FALSE),"") -> 131496 | ... T5: =IFERROR(VLOOKUP(T4,'Module Items'!$A$1:$B$2587,2,FALSE),"") -> 132831 | V5: =IFERROR(VLOOKUP(V4,'Module Items'!$A$1:$B$2587,2,FALSE),"") -> 159069 | W5: =IFERROR(VLOOKUP(W4,'Module Items'!$A$1:$B$2587,2,FALSE),"") -> 87480 | X5: =IFERROR(VLOOKUP(X4,'Module Items'!$A$1:$B$2587,2,FALSE),"") -> 93333 | Y5: =IFERROR(VLOOKUP(Y4,'Module Items'!$A$1:$B$2587,2,FALSE),"") -> 177110 | Z5: =IFERROR(VLOOKUP(Z4,'Module Items'!$A$1:$B$2587,2,FALSE),"") -> 97694 | AA5: =IFERROR(VLOOKUP(AA4,'Module Items'!$A$1:$B$2587,2,FALSE),"") -> 80793 | AB5: =IFERROR(VLOOKUP(AB4,'Module Items'!$A$1:$B$2587,2,FALSE),"") -> 95389 | AC5: =IFERROR(VLOOKUP(AC4,'Module Items'!$A$1:$B$2587,2,FALSE),"") -> 7494 | ... AZ5: =IFERROR(VLOOKUP(AZ4,'Module Items'!$A$1:$B$2587,2,FALSE),"") -> 119209 | BA5: M13-1-8A02 | BB5: =IFERROR(VLOOKUP(BA5,'Module Items'!$A$1:$B$2587,2,FALSE),"") -> 54537 | BC5: =IFERROR(VLOOKUP(BA5,'Monthly Line Picks'!$A$1:$D$2000,4,FALSE),"0") -> 0 | BD5: M13-1-8B01 | BE5: =IFERROR(VLOOKUP(BD5,'Module Items'!$A$1:$B$2587,2,FALSE),"") -> 111475 | BF5: =IFERROR(VLOOKUP(BD5,'Monthly Line Picks'!$A$1:$D$2000,4,FALSE),"0") -> 14 | BG5: M13-1-8B10 | BH5: =IFERROR(VLOOKUP(BG5,'Module Items'!$A$1:$B$2587,2,FALSE),"") -> 129566 | BI5: =IFERROR(VLOOKUP(BG5,'Monthly Line Picks'!$A$1:$D$2000,4,FALSE),"0") -> 8 | BJ5: M13-1-8C07 | BK5: =IFERROR(VLOOKUP(BJ5,'Module Items'!$A$1:$B$2587,2,FALSE),"") -> 112579 | BL5: =IFERROR(VLOOKUP(BJ5,'Monthly Line Picks'!$A$1:$D$2000,4,FALSE),"0") -> 0 | BM5: M13-1-8D04 | BN5: =IFERROR(VLOOKUP(BM5,'Module Items'!$A$1:$B$2587,2,FALSE),"") -> 83976 | BO5: =IFERROR(VLOOKUP(BM5,'Monthly Line Picks'!$A$1:$D$2000,4,FALSE),"0") -> 0 | BP5: M13-1-8E03 | BQ5: =IFERROR(VLOOKUP(BP5,'Module Items'!$A$1:$B$2587,2,FALSE),"") -> 141121 | BR5: =IFERROR(VLOOKUP(BP5,'Monthly Line Picks'!$A$1:$D$2000,4,FALSE),"0") -> 5 | BY5: =IFERROR(VLOOKUP(BY4,'Module Items'!$A$1:$B$2587,2,FALSE),"") -> 35067 | BZ5: =IFERROR(VLOOKUP(BZ4,'Module Items'!$A$1:$B$2587,2,FALSE),"") -> 142584 | CA5: =IFERROR(VLOOKUP(CA4,'Module Items'!$A$1:$B$2587,2,FALSE),"") -> 142821 | CB5: =IFERROR(VLOOKUP(CB4,'Module Items'!$A$1:$B$2587,2,FALSE),"") -> 9564 | CC5: =IFERROR(VLOOKUP(CC4,'Module Items'!$A$1:$B$2587,2,FALSE),"") -> 49660 | CD5: =IFERROR(VLOOKUP(CD4,'Module Items'!$A$1:$B$2587,2,FALSE),"") -> 113488 | CE5: =IFERROR(VLOOKUP(CE4,'Module Items'!$A$1:$B$2587,2,FALSE),"") -> 37831 | CF5: =IFERROR(VLOOKUP(CF4,'Module Items'!$A$1:$B$2587,2,FALSE),"") | ... DB5: =IFERROR(VLOOKUP(DB4,'Module Items'!$A$1:$B$2587,2,FALSE),"") -> 14454 | DC5: M13-1-1A02 | DD5: =IFERROR(VLOOKUP(DC5,'Module Items'!$A$1:$B$2587,2,FALSE),"") -> 30143 | DE5: =IFERROR(VLOOKUP(DC5,'Monthly Line Picks'!$A$1:$D$2000,4,FALSE),"0") -> 0 | DF5: M13-1-1B01 | DG5: =IFERROR(VLOOKUP(DF5,'Module Items'!$A$1:$B$2587,2,FALSE),"") -> 28740 | DH5: =IFERROR(VLOOKUP(DF5,'Monthly Line Picks'!$A$1:$D$2000,4,FALSE),"0") -> 14 | DI5: M13-1-1D04 | DJ5: =IFERROR(VLOOKUP(DI5,'Module Items'!$A$1:$B$2587,2,FALSE),"") -> 123377 | DK5: =IFERROR(VLOOKUP(DI5,'Monthly Line Picks'!$A$1:$D$2000,4,FALSE),"0") -> 0 | DL5: M13-1-1B10 | DM5: =IFERROR(VLOOKUP(DL5,'Module Items'!$A$1:$B$2587,2,FALSE),"") -> 13801 | DN5: =IFERROR(VLOOKUP(DL5,'Monthly Line Picks'!$A$1:$D$2000,4,FALSE),"0") -> 2 | DO5: M13-1-1C07 | DP5: =IFERROR(VLOOKUP(DO5,'Module Items'!$A$1:$B$2587,2,FALSE),"") -> 59405 | DQ5: =IFERROR(VLOOKUP(DO5,'Monthly Line Picks'!$A$1:$D$2000,4,FALSE),"0") -> 14 | DR5: M13-1-1E03 | DS5: =IFERROR(VLOOKUP(DR5,'Module Items'!$A$1:$B$2587,2,FALSE),"") -> 63938 | DT5: =IFERROR(VLOOKUP(DR5,'Monthly Line Picks'!$A$1:$D$2000,4,FALSE),"0") -> 14
K6: =IFERROR(VLOOKUP(K4,'Monthly Line Picks'!$A$1:$D$2101,4,FALSE),"0") -> 8 | L6: =IFERROR(VLOOKUP(L4,'Monthly Line Picks'!$A$1:$D$2101,4,FALSE),"0") -> 10 | M6: =IFERROR(VLOOKUP(M4,'Monthly Line Picks'!$A$1:$D$2101,4,FALSE),"0") -> 80 | N6: =IFERROR(VLOOKUP(N4,'Monthly Line Picks'!$A$1:$D$2101,4,FALSE),"0") -> 5 | O6: =IFERROR(VLOOKUP(O4,'Monthly Line Picks'!$A$1:$D$2101,4,FALSE),"0") -> 15 | P6: =IFERROR(VLOOKUP(P4,'Monthly Line Picks'!$A$1:$D$2101,4,FALSE),"0") -> 22 | Q6: =IFERROR(VLOOKUP(Q4,'Monthly Line Picks'!$A$1:$D$2101,4,FALSE),"0") -> 19 | R6: =IFERROR(VLOOKUP(R4,'Monthly Line Picks'!$A$1:$D$2101,4,FALSE),"0") -> 16 | ... T6: =IFERROR(VLOOKUP(T4,'Monthly Line Picks'!$A$1:$D$2101,4,FALSE),"0") -> 14 | V6: =IFERROR(VLOOKUP(V4,'Monthly Line Picks'!$A$1:$D$2101,4,FALSE),"0") -> 1 | W6: =IFERROR(VLOOKUP(W4,'Monthly Line Picks'!$A$1:$D$2101,4,FALSE),"0") -> 4 | X6: =IFERROR(VLOOKUP(X4,'Monthly Line Picks'!$A$1:$D$2101,4,FALSE),"0") -> 52 | Y6: =IFERROR(VLOOKUP(Y4,'Monthly Line Picks'!$A$1:$D$2101,4,FALSE),"0") -> 0 | Z6: =IFERROR(VLOOKUP(Z4,'Monthly Line Picks'!$A$1:$D$2101,4,FALSE),"0") -> 0 | AA6: =IFERROR(VLOOKUP(AA4,'Monthly Line Picks'!$A$1:$D$2101,4,FALSE),"0") -> 8 | AB6: =IFERROR(VLOOKUP(AB4,'Monthly Line Picks'!$A$1:$D$2101,4,FALSE),"0") -> 2 | AC6: =IFERROR(VLOOKUP(AC4,'Monthly Line Picks'!$A$1:$D$2101,4,FALSE),"0") -> 17 | ... AZ6: =IFERROR(VLOOKUP(AZ4,'Monthly Line Picks'!$A$1:$D$2101,4,FALSE),"0") -> 7 | BA6: M13-1-8A03 | BB6: =IFERROR(VLOOKUP(BA6,'Module Items'!$A$1:$B$2587,2,FALSE),"") -> 114868 | BC6: =IFERROR(VLOOKUP(BA6,'Monthly Line Picks'!$A$1:$D$2000,4,FALSE),"0") -> 27 | BD6: M13-1-8B02 | BE6: =IFERROR(VLOOKUP(BD6,'Module Items'!$A$1:$B$2587,2,FALSE),"") -> 96352 | BF6: =IFERROR(VLOOKUP(BD6,'Monthly Line Picks'!$A$1:$D$2000,4,FALSE),"0") -> 15 | BG6: M13-1-8C01 | BH6: =IFERROR(VLOOKUP(BG6,'Module Items'!$A$1:$B$2587,2,FALSE),"") -> OPEN | BI6: =IFERROR(VLOOKUP(BG6,'Monthly Line Picks'!$A$1:$D$2000,4,FALSE),"0") -> 0 | BJ6: M13-1-8C08 | BK6: =IFERROR(VLOOKUP(BJ6,'Module Items'!$A$1:$B$2587,2,FALSE),"") -> 67025 | BL6: =IFERROR(VLOOKUP(BJ6,'Monthly Line Picks'!$A$1:$D$2000,4,FALSE),"0") -> 1 | BM6: M13-1-8D05 | BN6: =IFERROR(VLOOKUP(BM6,'Module Items'!$A$1:$B$2587,2,FALSE),"") -> 141076 | BO6: =IFERROR(VLOOKUP(BM6,'Monthly Line Picks'!$A$1:$D$2000,4,FALSE),"0") -> 0 | BP6: M13-1-8E04 | BQ6: =IFERROR(VLOOKUP(BP6,'Module Items'!$A$1:$B$2587,2,FALSE),"") -> 72373 | BR6: =IFERROR(VLOOKUP(BP6,'Monthly Line Picks'!$A$1:$D$2000,4,FALSE),"0") -> 1 | BY6: =IFERROR(VLOOKUP(BY4,'Monthly Line Picks'!$A$1:$D$1458,4,FALSE),"0") -> 0 | BZ6: =IFERROR(VLOOKUP(BZ4,'Monthly Line Picks'!$A$1:$D$1458,4,FALSE),"0") -> 6 | CA6: =IFERROR(VLOOKUP(CA4,'Monthly Line Picks'!$A$1:$D$1458,4,FALSE),"0") -> 25 | CB6: =IFERROR(VLOOKUP(CB4,'Monthly Line Picks'!$A$1:$D$1458,4,FALSE),"0") -> 3 | CC6: =IFERROR(VLOOKUP(CC4,'Monthly Line Picks'!$A$1:$D$1458,4,FALSE),"0") -> 19 | CD6: =IFERROR(VLOOKUP(CD4,'Monthly Line Picks'!$A$1:$D$1458,4,FALSE),"0") -> 11 | CE6: =IFERROR(VLOOKUP(CE4,'Monthly Line Picks'!$A$1:$D$1458,4,FALSE),"0") -> 10 | CF6: =IFERROR(VLOOKUP(CF4,'Monthly Line Picks'!$A$1:$D$1458,4,FALSE),"0") -> 6 | ... DB6: =IFERROR(VLOOKUP(DB4,'Monthly Line Picks'!$A$1:$D$1458,4,FALSE),"0") -> 192 | DC6: M13-1-1A03 | DD6: =IFERROR(VLOOKUP(DC6,'Module Items'!$A$1:$B$2587,2,FALSE),"") -> 123945 | DE6: =IFERROR(VLOOKUP(DC6,'Monthly Line Picks'!$A$1:$D$2000,4,FALSE),"0") -> 5 | DF6: M13-1-1B02 | DG6: =IFERROR(VLOOKUP(DF6,'Module Items'!$A$1:$B$2587,2,FALSE),"") -> 81 | DH6: =IFERROR(VLOOKUP(DF6,'Monthly Line Picks'!$A$1:$D$2000,4,FALSE),"0") -> 4 | DI6: M13-1-1D05 | DJ6: =IFERROR(VLOOKUP(DI6,'Module Items'!$A$1:$B$2587,2,FALSE),"") -> 35196 | DK6: =IFERROR(VLOOKUP(DI6,'Monthly Line Picks'!$A$1:$D$2000,4,FALSE),"0") -> 10 | DL6: M13-1-1C01 | DM6: =IFERROR(VLOOKUP(DL6,'Module Items'!$A$1:$B$2587,2,FALSE),"") -> 330 | DN6: =IFERROR(VLOOKUP(DL6,'Monthly Line Picks'!$A$1:$D$2000,4,FALSE),"0") -> 1 | DO6: M13-1-1C08 | DP6: =IFERROR(VLOOKUP(DO6,'Module Items'!$A$1:$B$2587,2,FALSE),"") -> 173314 | DQ6: =IFERROR(VLOOKUP(DO6,'Monthly Line Picks'!$A$1:$D$2000,4,FALSE),"0") -> 0 | DR6: M13-1-1E04 | DS6: =IFERROR(VLOOKUP(DR6,'Module Items'!$A$1:$B$2587,2,FALSE),"") -> 8566 | DT6: =IFERROR(VLOOKUP(DR6,'Monthly Line Picks'!$A$1:$D$2000,4,FALSE),"0") -> 0
K7: M11-1-6B06 | L7: M11-1-6B05 | M7: M11-1-6B04 | N7: M11-1-6B03 | O7: M11-1-6B02 | P7: M11-1-6B01 | Q7: M11-1-5B06 | R7: M11-1-5B05 | S7: M11-1-5B04 | T7: M11-1-5B03 | V7: M11-1-5B01 | W7: M11-1-4B06 | X7: M11-1-4B05 | Y7: M11-1-4B04 | Z7: M11-1-4B03 | AA7: M11-1-4B02 | AB7: M11-1-4B01 | AC7: M11-1-3B06 | AD7: M11-1-3B05 | AE7: M11-1-3B04 | AF7: M11-1-3B03 | AG7: M11-1-3B02 | AH7: M11-1-3B01 | AI7: M11-1-2B06 | AJ7: M11-1-2B05 | AK7: M11-1-2B04 | AL7: M11-1-2B03 | AM7: M11-1-2B02 | AN7: M11-1-2B01 | AO7: M11-1-1B06 | AP7: M11-1-1B05 | AQ7: M11-1-1B04 | AR7: M11-1-1B03 | AS7: M11-1-1B02 | AT7: M11-1-1B01 | AU7: M13-1-9B06 | AV7: M13-1-9B05 | AW7: M13-1-9B04 | AX7: M13-1-9B03 | AY7: M13-1-9B02 | AZ7: M13-1-9B01 | BA7: M13-1-8A04 | BB7: =IFERROR(VLOOKUP(BA7,'Module Items'!$A$1:$B$2587,2,FALSE),"") -> 157511 | BC7: =IFERROR(VLOOKUP(BA7,'Monthly Line Picks'!$A$1:$D$2000,4,FALSE),"0") -> 10 | BD7: M13-1-8B03 | BE7: =IFERROR(VLOOKUP(BD7,'Module Items'!$A$1:$B$2587,2,FALSE),"") -> 159040 | BF7: =IFERROR(VLOOKUP(BD7,'Monthly Line Picks'!$A$1:$D$2000,4,FALSE),"0") -> 10 | BG7: M13-1-8C02 | BH7: =IFERROR(VLOOKUP(BG7,'Module Items'!$A$1:$B$2587,2,FALSE),"") -> 72374 | BI7: =IFERROR(VLOOKUP(BG7,'Monthly Line Picks'!$A$1:$D$2000,4,FALSE),"0") -> 0 | BJ7: M13-1-8C09 | BK7: =IFERROR(VLOOKUP(BJ7,'Module Items'!$A$1:$B$2587,2,FALSE),"") -> 1527 | BL7: =IFERROR(VLOOKUP(BJ7,'Monthly Line Picks'!$A$1:$D$2000,4,FALSE),"0") -> 0 | BM7: M13-1-8D06 | BN7: =IFERROR(VLOOKUP(BM7,'Module Items'!$A$1:$B$2587,2,FALSE),"") -> 107985 | BO7: =IFERROR(VLOOKUP(BM7,'Monthly Line Picks'!$A$1:$D$2000,4,FALSE),"0") -> 2 | BP7: M13-1-8E05 | BQ7: =IFERROR(VLOOKUP(BP7,'Module Items'!$A$1:$B$2587,2,FALSE),"") -> 172026 | BR7: =IFERROR(VLOOKUP(BP7,'Monthly Line Picks'!$A$1:$D$2000,4,FALSE),"0") -> 0 | BY7: M13-1-6B06 | BZ7: M13-1-6B05 | CA7: M13-1-6B04 | CB7: M13-1-6B03 | CC7: M13-1-6B02 | CD7: M13-1-6B01 | CE7: M13-1-5B06 | CF7: M13-1-5B05 | CG7: M13-1-5B04 | CH7: M13-1-5B03 | CI7: M13-1-5B02 | CJ7: M13-1-5B01 | CK7: M13-1-4B06 | CL7: M13-1-4B05 | CM7: M13-1-4B04 | CN7: M13-1-4B03 | CO7: M13-1-4B02 | CP7: M13-1-4B01 | CQ7: M13-1-3B06 | CR7: M13-1-3B05 | CS7: M13-1-3B04 | CT7: M13-1-3B03 | CU7: M13-1-3B02 | CV7: M13-1-3B01 | CW7: M13-1-2B06 | CX7: M13-1-2B05 | CY7: M13-1-2B04 | CZ7: M13-1-2B03 | DA7: M13-1-2B02 | DB7: M13-1-2B01 | DC7: M13-1-1A04 | DD7: =IFERROR(VLOOKUP(DC7,'Module Items'!$A$1:$B$2587,2,FALSE),"") -> 177087 | DE7: =IFERROR(VLOOKUP(DC7,'Monthly Line Picks'!$A$1:$D$2000,4,FALSE),"0") -> 12 | DF7: M13-1-1B03 | DG7: =IFERROR(VLOOKUP(DF7,'Module Items'!$A$1:$B$2587,2,FALSE),"") -> 8250 | DH7: =IFERROR(VLOOKUP(DF7,'Monthly Line Picks'!$A$1:$D$2000,4,FALSE),"0") -> 0 | DI7: M13-1-1D06 | DJ7: =IFERROR(VLOOKUP(DI7,'Module Items'!$A$1:$B$2587,2,FALSE),"") -> 177134 | DK7: =IFERROR(VLOOKUP(DI7,'Monthly Line Picks'!$A$1:$D$2000,4,FALSE),"0") -> 0 | DL7: M13-1-1C02 | DM7: =IFERROR(VLOOKUP(DL7,'Module Items'!$A$1:$B$2587,2,FALSE),"") -> 144144 | DN7: =IFERROR(VLOOKUP(DL7,'Monthly Line Picks'!$A$1:$D$2000,4,FALSE),"0") -> 12 | DO7: M13-1-1C09 | DP7: =IFERROR(VLOOKUP(DO7,'Module Items'!$A$1:$B$2587,2,FALSE),"") -> 115909 | DQ7: =IFERROR(VLOOKUP(DO7,'Monthly Line Picks'!$A$1:$D$2000,4,FALSE),"0") -> 0 | DR7: M13-1-1E05 | DS7: =IFERROR(VLOOKUP(DR7,'Module Items'!$A$1:$B$2587,2,FALSE),"") -> 156659 | DT7: =IFERROR(VLOOKUP(DR7,'Monthly Line Picks'!$A$1:$D$2000,4,FALSE),"0") -> 0
K8: =IFERROR(VLOOKUP(K7,'Module Items'!$A$1:$B$2587,2,FALSE),"") -> 661 | L8: =IFERROR(VLOOKUP(L7,'Module Items'!$A$1:$B$2587,2,FALSE),"") -> 142657 | M8: =IFERROR(VLOOKUP(M7,'Module Items'!$A$1:$B$2587,2,FALSE),"") -> 136330 | N8: =IFERROR(VLOOKUP(N7,'Module Items'!$A$1:$B$2587,2,FALSE),"") -> 77908 | O8: =IFERROR(VLOOKUP(O7,'Module Items'!$A$1:$B$2587,2,FALSE),"") -> 94840 | P8: =IFERROR(VLOOKUP(P7,'Module Items'!$A$1:$B$2587,2,FALSE),"") -> 114170 | Q8: =IFERROR(VLOOKUP(Q7,'Module Items'!$A$1:$B$2587,2,FALSE),"") -> 133639 | R8: =IFERROR(VLOOKUP(R7,'Module Items'!$A$1:$B$2587,2,FALSE),"") -> 134290 | ... T8: =IFERROR(VLOOKUP(T7,'Module Items'!$A$1:$B$2587,2,FALSE),"") -> 138510 | V8: =IFERROR(VLOOKUP(V7,'Module Items'!$A$1:$B$2587,2,FALSE),"") -> 159074 | W8: =IFERROR(VLOOKUP(W7,'Module Items'!$A$1:$B$2587,2,FALSE),"") -> 104614 | X8: =IFERROR(VLOOKUP(X7,'Module Items'!$A$1:$B$2587,2,FALSE),"") -> 106380 | Y8: =IFERROR(VLOOKUP(Y7,'Module Items'!$A$1:$B$2587,2,FALSE),"") -> 108468 | Z8: =IFERROR(VLOOKUP(Z7,'Module Items'!$A$1:$B$2587,2,FALSE),"") -> 112169 | AA8: =IFERROR(VLOOKUP(AA7,'Module Items'!$A$1:$B$2587,2,FALSE),"") -> 157430 | AB8: =IFERROR(VLOOKUP(AB7,'Module Items'!$A$1:$B$2587,2,FALSE),"") -> 12778 | AC8: =IFERROR(VLOOKUP(AC7,'Module Items'!$A$1:$B$2587,2,FALSE),"") -> 20032 | ... AZ8: =IFERROR(VLOOKUP(AZ7,'Module Items'!$A$1:$B$2587,2,FALSE),"") -> 159072 | BA8: M13-1-8A05 | BB8: =IFERROR(VLOOKUP(BA8,'Module Items'!$A$1:$B$2587,2,FALSE),"") -> 1963 | BC8: =IFERROR(VLOOKUP(BA8,'Monthly Line Picks'!$A$1:$D$2000,4,FALSE),"0") -> 8 | BD8: M13-1-8B04 | BE8: =IFERROR(VLOOKUP(BD8,'Module Items'!$A$1:$B$2587,2,FALSE),"") -> 63509 | BF8: =IFERROR(VLOOKUP(BD8,'Monthly Line Picks'!$A$1:$D$2000,4,FALSE),"0") -> 1 | BG8: M13-1-8C03 | BH8: =IFERROR(VLOOKUP(BG8,'Module Items'!$A$1:$B$2587,2,FALSE),"") -> 157858 | BI8: =IFERROR(VLOOKUP(BG8,'Monthly Line Picks'!$A$1:$D$2000,4,FALSE),"0") -> 2 | BJ8: M13-1-8C10 | BK8: =IFERROR(VLOOKUP(BJ8,'Module Items'!$A$1:$B$2587,2,FALSE),"") -> 89977 | BL8: =IFERROR(VLOOKUP(BJ8,'Monthly Line Picks'!$A$1:$D$2000,4,FALSE),"0") -> 0 | BM8: M13-1-8D07 | BN8: =IFERROR(VLOOKUP(BM8,'Module Items'!$A$1:$B$2587,2,FALSE),"") -> 105911 | BO8: =IFERROR(VLOOKUP(BM8,'Monthly Line Picks'!$A$1:$D$2000,4,FALSE),"0") -> 2 | BP8: M13-1-8E06 | BQ8: =IFERROR(VLOOKUP(BP8,'Module Items'!$A$1:$B$2587,2,FALSE),"") -> 112585 | BR8: =IFERROR(VLOOKUP(BP8,'Monthly Line Picks'!$A$1:$D$2000,4,FALSE),"0") -> 0 | BY8: =IFERROR(VLOOKUP(BY7,'Module Items'!$A$1:$B$2587,2,FALSE),"") -> 37932 | BZ8: =IFERROR(VLOOKUP(BZ7,'Module Items'!$A$1:$B$2587,2,FALSE),"") -> 1814 | CA8: =IFERROR(VLOOKUP(CA7,'Module Items'!$A$1:$B$2587,2,FALSE),"") -> 59643 | CB8: =IFERROR(VLOOKUP(CB7,'Module Items'!$A$1:$B$2587,2,FALSE),"") -> 133699 | CC8: =IFERROR(VLOOKUP(CC7,'Module Items'!$A$1:$B$2587,2,FALSE),"") -> 27272 | CD8: =IFERROR(VLOOKUP(CD7,'Module Items'!$A$1:$B$2587,2,FALSE),"") -> 159194 | CE8: =IFERROR(VLOOKUP(CE7,'Module Items'!$A$1:$B$2587,2,FALSE),"") -> 108955 | CF8: =IFERROR(VLOOKUP(CF7,'Module Items'!$A$1:$B$2587,2,FALSE),"") -> 110812 | ... DB8: =IFERROR(VLOOKUP(DB7,'Module Items'!$A$1:$B$2587,2,FALSE),"") -> 100379 | DC8: M13-1-1A05 | DD8: =IFERROR(VLOOKUP(DC8,'Module Items'!$A$1:$B$2587,2,FALSE),"") -> 107130 | DE8: =IFERROR(VLOOKUP(DC8,'Monthly Line Picks'!$A$1:$D$2000,4,FALSE),"0") -> 29 | DF8: M13-1-1B04 | DG8: =IFERROR(VLOOKUP(DF8,'Module Items'!$A$1:$B$2587,2,FALSE),"") -> 192 | DH8: =IFERROR(VLOOKUP(DF8,'Monthly Line Picks'!$A$1:$D$2000,4,FALSE),"0") -> 7 | DI8: M13-1-1D07 | DJ8: =IFERROR(VLOOKUP(DI8,'Module Items'!$A$1:$B$2587,2,FALSE),"") -> 127138 | DK8: =IFERROR(VLOOKUP(DI8,'Monthly Line Picks'!$A$1:$D$2000,4,FALSE),"0") -> 17 | DL8: M13-1-1C03 | DM8: =IFERROR(VLOOKUP(DL8,'Module Items'!$A$1:$B$2587,2,FALSE),"") -> 100826 | DN8: =IFERROR(VLOOKUP(DL8,'Monthly Line Picks'!$A$1:$D$2000,4,FALSE),"0") -> 12 | DO8: M13-1-1C10 | DP8: =IFERROR(VLOOKUP(DO8,'Module Items'!$A$1:$B$2587,2,FALSE),"") -> 172419 | DQ8: =IFERROR(VLOOKUP(DO8,'Monthly Line Picks'!$A$1:$D$2000,4,FALSE),"0") -> 0 | DR8: M13-1-1E06 | DS8: =IFERROR(VLOOKUP(DR8,'Module Items'!$A$1:$B$2587,2,FALSE),"") -> 109160 | DT8: =IFERROR(VLOOKUP(DR8,'Monthly Line Picks'!$A$1:$D$2000,4,FALSE),"0") -> 0
K9: =IFERROR(VLOOKUP(K7,'Monthly Line Picks'!$A$1:$D$2101,4,FALSE),"0") -> 97 | L9: =IFERROR(VLOOKUP(L7,'Monthly Line Picks'!$A$1:$D$2101,4,FALSE),"0") -> 14 | M9: =IFERROR(VLOOKUP(M7,'Monthly Line Picks'!$A$1:$D$2101,4,FALSE),"0") -> 0 | N9: =IFERROR(VLOOKUP(N7,'Monthly Line Picks'!$A$1:$D$2101,4,FALSE),"0") -> 4 | O9: =IFERROR(VLOOKUP(O7,'Monthly Line Picks'!$A$1:$D$2101,4,FALSE),"0") -> 18 | P9: =IFERROR(VLOOKUP(P7,'Monthly Line Picks'!$A$1:$D$2101,4,FALSE),"0") -> 33 | Q9: =IFERROR(VLOOKUP(Q7,'Monthly Line Picks'!$A$1:$D$2101,4,FALSE),"0") -> 1 | R9: =IFERROR(VLOOKUP(R7,'Monthly Line Picks'!$A$1:$D$2101,4,FALSE),"0") -> 17 | ... T9: =IFERROR(VLOOKUP(T7,'Monthly Line Picks'!$A$1:$D$2101,4,FALSE),"0") -> 19 | V9: =IFERROR(VLOOKUP(V7,'Monthly Line Picks'!$A$1:$D$2101,4,FALSE),"0") -> 1 | W9: =IFERROR(VLOOKUP(W7,'Monthly Line Picks'!$A$1:$D$2101,4,FALSE),"0") -> 8 | X9: =IFERROR(VLOOKUP(X7,'Monthly Line Picks'!$A$1:$D$2101,4,FALSE),"0") -> 8 | Y9: =IFERROR(VLOOKUP(Y7,'Monthly Line Picks'!$A$1:$D$2101,4,FALSE),"0") -> 6 | Z9: =IFERROR(VLOOKUP(Z7,'Monthly Line Picks'!$A$1:$D$2101,4,FALSE),"0") -> 0 | AA9: =IFERROR(VLOOKUP(AA7,'Monthly Line Picks'!$A$1:$D$2101,4,FALSE),"0") -> 2 | AB9: =IFERROR(VLOOKUP(AB7,'Monthly Line Picks'!$A$1:$D$2101,4,FALSE),"0") -> 15 | AC9: =IFERROR(VLOOKUP(AC7,'Monthly Line Picks'!$A$1:$D$2101,4,FALSE),"0") -> 7 | ... AZ9: =IFERROR(VLOOKUP(AZ7,'Monthly Line Picks'!$A$1:$D$2101,4,FALSE),"0") -> 23 | BA9: M13-1-8A06 | BB9: =IFERROR(VLOOKUP(BA9,'Module Items'!$A$1:$B$2587,2,FALSE),"") -> 84734 | BC9: =IFERROR(VLOOKUP(BA9,'Monthly Line Picks'!$A$1:$D$2000,4,FALSE),"0") -> 6 | BD9: M13-1-8B05 | BE9: =IFERROR(VLOOKUP(BD9,'Module Items'!$A$1:$B$2587,2,FALSE),"") -> 94823 | BF9: =IFERROR(VLOOKUP(BD9,'Monthly Line Picks'!$A$1:$D$2000,4,FALSE),"0") -> 13 | BG9: M13-1-8C04 | BH9: =IFERROR(VLOOKUP(BG9,'Module Items'!$A$1:$B$2587,2,FALSE),"") -> 129515 | BI9: =IFERROR(VLOOKUP(BG9,'Monthly Line Picks'!$A$1:$D$2000,4,FALSE),"0") -> 18 | BJ9: M13-1-8D01 | BK9: =IFERROR(VLOOKUP(BJ9,'Module Items'!$A$1:$B$2587,2,FALSE),"") -> 160375 | BL9: =IFERROR(VLOOKUP(BJ9,'Monthly Line Picks'!$A$1:$D$2000,4,FALSE),"0") -> 15 | BM9: M13-1-8D08 | BN9: =IFERROR(VLOOKUP(BM9,'Module Items'!$A$1:$B$2587,2,FALSE),"") -> 100024 | BO9: =IFERROR(VLOOKUP(BM9,'Monthly Line Picks'!$A$1:$D$2000,4,FALSE),"0") -> 1 | BP9: M13-1-8E07 | BQ9: =IFERROR(VLOOKUP(BP9,'Module Items'!$A$1:$B$2587,2,FALSE),"") -> 71469 | BR9: =IFERROR(VLOOKUP(BP9,'Monthly Line Picks'!$A$1:$D$2000,4,FALSE),"0") -> 0 | BY9: =IFERROR(VLOOKUP(BY7,'Monthly Line Picks'!$A$1:$D$1458,4,FALSE),"0") -> 8 | BZ9: =IFERROR(VLOOKUP(BZ7,'Monthly Line Picks'!$A$1:$D$1458,4,FALSE),"0") -> 14 | CA9: =IFERROR(VLOOKUP(CA7,'Monthly Line Picks'!$A$1:$D$1458,4,FALSE),"0") -> 28 | CB9: =IFERROR(VLOOKUP(CB7,'Monthly Line Picks'!$A$1:$D$1458,4,FALSE),"0") -> 54 | CC9: =IFERROR(VLOOKUP(CC7,'Monthly Line Picks'!$A$1:$D$1458,4,FALSE),"0") -> 10 | CD9: =IFERROR(VLOOKUP(CD7,'Monthly Line Picks'!$A$1:$D$1458,4,FALSE),"0") -> 45 | CE9: =IFERROR(VLOOKUP(CE7,'Monthly Line Picks'!$A$1:$D$1458,4,FALSE),"0") -> 0 | CF9: =IFERROR(VLOOKUP(CF7,'Monthly Line Picks'!$A$1:$D$1458,4,FALSE),"0") -> 19 | ... DB9: =IFERROR(VLOOKUP(DB7,'Monthly Line Picks'!$A$1:$D$1458,4,FALSE),"0") -> 255 | DC9: M13-1-1A06 | DD9: =IFERROR(VLOOKUP(DC9,'Module Items'!$A$1:$B$2587,2,FALSE),"") -> 100134 | DE9: =IFERROR(VLOOKUP(DC9,'Monthly Line Picks'!$A$1:$D$2000,4,FALSE),"0") -> 1 | DF9: M13-1-1B05 | DG9: =IFERROR(VLOOKUP(DF9,'Module Items'!$A$1:$B$2587,2,FALSE),"") -> 116911 | DH9: =IFERROR(VLOOKUP(DF9,'Monthly Line Picks'!$A$1:$D$2000,4,FALSE),"0") -> 20 | DI9: M13-1-1D08 | DJ9: =IFERROR(VLOOKUP(DI9,'Module Items'!$A$1:$B$2587,2,FALSE),"") -> 59632 | DK9: =IFERROR(VLOOKUP(DI9,'Monthly Line Picks'!$A$1:$D$2000,4,FALSE),"0") -> 19 | DL9: M13-1-1C04 | DM9: =IFERROR(VLOOKUP(DL9,'Module Items'!$A$1:$B$2587,2,FALSE),"") -> 61323 | DN9: =IFERROR(VLOOKUP(DL9,'Monthly Line Picks'!$A$1:$D$2000,4,FALSE),"0") -> 0 | DO9: M13-1-1D01 | DP9: =IFERROR(VLOOKUP(DO9,'Module Items'!$A$1:$B$2587,2,FALSE),"") -> 18598 | DQ9: =IFERROR(VLOOKUP(DO9,'Monthly Line Picks'!$A$1:$D$2000,4,FALSE),"0") -> 2 | DR9: M13-1-1E07 | DS9: =IFERROR(VLOOKUP(DR9,'Module Items'!$A$1:$B$2587,2,FALSE),"") -> 65803 | DT9: =IFERROR(VLOOKUP(DR9,'Monthly Line Picks'!$A$1:$D$2000,4,FALSE),"0") -> 10
K10: M11-1-6A06 | L10: M11-1-6A05 | M10: M11-1-6A04 | N10: M11-1-6A03 | O10: M11-1-6A02 | P10: M11-1-6A01 | Q10: M11-1-5A06 | R10: M11-1-5A05 | S10: M11-1-5A04 | T10: M11-1-5A03 | V10: M11-1-5A01 | W10: M11-1-4A06 | X10: M11-1-4A05 | Y10: M11-1-4A04 | Z10: M11-1-4A03 | AA10: M11-1-4A02 | AB10: M11-1-4A01 | AC10: M11-1-3A06 | AD10: M11-1-3A05 | AE10: M11-1-3A04 | AF10: M11-1-3A03 | AG10: M11-1-3A02 | AH10: M11-1-3A01 | AI10: M11-1-2A06 | AJ10: M11-1-2A05 | AK10: M11-1-2A04 | AL10: M11-1-2A03 | AM10: M11-1-2A02 | AN10: M11-1-2A01 | AO10: M11-1-1A06 | AP10: M11-1-1A05 | AQ10: M11-1-1A04 | AR10: M11-1-1A03 | AS10: M11-1-1A02 | AT10: M11-1-1A01 | AU10: M13-1-9A06 | AV10: M13-1-9A05 | AW10: M13-1-9A04 | AX10: M13-1-9A03 | AY10: M13-1-9A02 | AZ10: M13-1-9A01 | BA10: M13-1-8A07 | BB10: =IFERROR(VLOOKUP(BA10,'Module Items'!$A$1:$B$2587,2,FALSE),"") -> 903 | BC10: =IFERROR(VLOOKUP(BA10,'Monthly Line Picks'!$A$1:$D$2000,4,FALSE),"0") -> 8 | BD10: M13-1-8B06 | BE10: =IFERROR(VLOOKUP(BD10,'Module Items'!$A$1:$B$2587,2,FALSE),"") -> 1470 | BF10: =IFERROR(VLOOKUP(BD10,'Monthly Line Picks'!$A$1:$D$2000,4,FALSE),"0") -> 0 | BG10: M13-1-8C05 | BH10: =IFERROR(VLOOKUP(BG10,'Module Items'!$A$1:$B$2587,2,FALSE),"") -> 61324 | BI10: =IFERROR(VLOOKUP(BG10,'Monthly Line Picks'!$A$1:$D$2000,4,FALSE),"0") -> 0 | BJ10: M13-1-8D02 | BK10: =IFERROR(VLOOKUP(BJ10,'Module Items'!$A$1:$B$2587,2,FALSE),"") -> 142571 | BL10: =IFERROR(VLOOKUP(BJ10,'Monthly Line Picks'!$A$1:$D$2000,4,FALSE),"0") -> 0 | BM10: M13-1-8D09 | BN10: =IFERROR(VLOOKUP(BM10,'Module Items'!$A$1:$B$2587,2,FALSE),"") -> 74609 | BO10: =IFERROR(VLOOKUP(BM10,'Monthly Line Picks'!$A$1:$D$2000,4,FALSE),"0") -> 2 | BP10: M13-1-8E08 | BQ10: =IFERROR(VLOOKUP(BP10,'Module Items'!$A$1:$B$2587,2,FALSE),"") -> 82792 | BR10: =IFERROR(VLOOKUP(BP10,'Monthly Line Picks'!$A$1:$D$2000,4,FALSE),"0") -> 3 | BY10: M13-1-6A06 | BZ10: M13-1-6A05 | CA10: M13-1-6A04 | CB10: M13-1-6A03 | CC10: M13-1-6A02 | CD10: M13-1-6A01 | CE10: M13-1-5A06 | CF10: M13-1-5A05 | CG10: M13-1-5A04 | CH10: M13-1-5A03 | CI10: M13-1-5A02 | CJ10: M13-1-5A01 | CK10: M13-1-4A06 | CL10: M13-1-4A05 | CM10: M13-1-4A04 | CN10: M13-1-4A03 | CO10: M13-1-4A02 | CP10: M13-1-4A01 | CQ10: M13-1-3A06 | CR10: M13-1-3A05 | CS10: M13-1-3A04 | CT10: M13-1-3A03 | CU10: M13-1-3A02 | CV10: M13-1-3A01 | CW10: M13-1-2A06 | CX10: M13-1-2A05 | CY10: M13-1-2A04 | CZ10: M13-1-2A03 | DA10: M13-1-2A02 | DB10: M13-1-2A01 | DC10: M13-1-1A07 | DD10: =IFERROR(VLOOKUP(DC10,'Module Items'!$A$1:$B$2587,2,FALSE),"") -> 65257 | DE10: =IFERROR(VLOOKUP(DC10,'Monthly Line Picks'!$A$1:$D$2000,4,FALSE),"0") -> 7 | DF10: M13-1-1B06 | DG10: =IFERROR(VLOOKUP(DF10,'Module Items'!$A$1:$B$2587,2,FALSE),"") -> 63153 | DH10: =IFERROR(VLOOKUP(DF10,'Monthly Line Picks'!$A$1:$D$2000,4,FALSE),"0") -> 23 | DI10: M13-1-1D09 | DJ10: =IFERROR(VLOOKUP(DI10,'Module Items'!$A$1:$B$2587,2,FALSE),"") | DK10: =IFERROR(VLOOKUP(DI10,'Monthly Line Picks'!$A$1:$D$2000,4,FALSE),"0") -> 0 | DL10: M13-1-1C05 | DM10: =IFERROR(VLOOKUP(DL10,'Module Items'!$A$1:$B$2587,2,FALSE),"") -> 157703 | DN10: =IFERROR(VLOOKUP(DL10,'Monthly Line Picks'!$A$1:$D$2000,4,FALSE),"0") -> 2 | DO10: M13-1-1D02 | DP10: =IFERROR(VLOOKUP(DO10,'Module Items'!$A$1:$B$2587,2,FALSE),"") -> 127265 | DQ10: =IFERROR(VLOOKUP(DO10,'Monthly Line Picks'!$A$1:$D$2000,4,FALSE),"0") -> 52 | DR10: M13-1-1E08 | DS10: =IFERROR(VLOOKUP(DR10,'Module Items'!$A$1:$B$2587,2,FALSE),"") -> 11552 | DT10: =IFERROR(VLOOKUP(DR10,'Monthly Line Picks'!$A$1:$D$2000,4,FALSE),"0") -> 8
K11: =IFERROR(VLOOKUP(K10,'Module Items'!$A$1:$B$2587,2,FALSE),"") -> 95995 | L11: =IFERROR(VLOOKUP(L10,'Module Items'!$A$1:$B$2587,2,FALSE),"") -> 1966 | M11: =IFERROR(VLOOKUP(M10,'Module Items'!$A$1:$B$2587,2,FALSE),"") -> 116845 | N11: =IFERROR(VLOOKUP(N10,'Module Items'!$A$1:$B$2587,2,FALSE),"") -> 88216 | O11: =IFERROR(VLOOKUP(O10,'Module Items'!$A$1:$B$2587,2,FALSE),"") -> 119975 | P11: =IFERROR(VLOOKUP(P10,'Module Items'!$A$1:$B$2587,2,FALSE),"") -> 84582 | Q11: =IFERROR(VLOOKUP(Q10,'Module Items'!$A$1:$B$2587,2,FALSE),"") -> 138946 | R11: =IFERROR(VLOOKUP(R10,'Module Items'!$A$1:$B$2587,2,FALSE),"") -> 139050 | ... T11: =IFERROR(VLOOKUP(T10,'Module Items'!$A$1:$B$2587,2,FALSE),"") -> 126103 | V11: =IFERROR(VLOOKUP(V10,'Module Items'!$A$1:$B$2587,2,FALSE),"") -> 116906 | W11: =IFERROR(VLOOKUP(W10,'Module Items'!$A$1:$B$2587,2,FALSE),"") | X11: =IFERROR(VLOOKUP(X10,'Module Items'!$A$1:$B$2587,2,FALSE),"") -> 97706 | Y11: =IFERROR(VLOOKUP(Y10,'Module Items'!$A$1:$B$2587,2,FALSE),"") -> 1030 | Z11: =IFERROR(VLOOKUP(Z10,'Module Items'!$A$1:$B$2587,2,FALSE),"") -> 118443 | AA11: =IFERROR(VLOOKUP(AA10,'Module Items'!$A$1:$B$2587,2,FALSE),"") -> 1461 | AB11: =IFERROR(VLOOKUP(AB10,'Module Items'!$A$1:$B$2587,2,FALSE),"") -> 124940 | AC11: =IFERROR(VLOOKUP(AC10,'Module Items'!$A$1:$B$2587,2,FALSE),"") -> 68068 | ... AZ11: =IFERROR(VLOOKUP(AZ10,'Module Items'!$A$1:$B$2587,2,FALSE),"") -> 102965 | BA11: M13-1-8A08 | BB11: =IFERROR(VLOOKUP(BA11,'Module Items'!$A$1:$B$2587,2,FALSE),"") -> 101391 | BC11: =IFERROR(VLOOKUP(BA11,'Monthly Line Picks'!$A$1:$D$2000,4,FALSE),"0") -> 13 | BD11: M13-1-8B07 | BE11: =IFERROR(VLOOKUP(BD11,'Module Items'!$A$1:$B$2587,2,FALSE),"") -> 173039 | BF11: =IFERROR(VLOOKUP(BD11,'Monthly Line Picks'!$A$1:$D$2000,4,FALSE),"0") -> 49 | BG11: WALK-IN SHELVES | BK11: =IFERROR(VLOOKUP(BJ11,'Module Items'!$A$1:$B$2587,2,FALSE),"") | BL11: =IFERROR(VLOOKUP(BJ11,'Monthly Line Picks'!$A$1:$D$2101,4,FALSE),"") | BM11: M13-1-8D10 | BN11: =IFERROR(VLOOKUP(BM11,'Module Items'!$A$1:$B$2587,2,FALSE),"") -> 83463 | BO11: =IFERROR(VLOOKUP(BM11,'Monthly Line Picks'!$A$1:$D$2000,4,FALSE),"0") -> 3 | BP11: M13-1-8E09 | BQ11: =IFERROR(VLOOKUP(BP11,'Module Items'!$A$1:$B$2587,2,FALSE),"") -> 2236 | BR11: =IFERROR(VLOOKUP(BP11,'Monthly Line Picks'!$A$1:$D$2000,4,FALSE),"0") -> 0 | BY11: =IFERROR(VLOOKUP(BY10,'Module Items'!$A$1:$B$2587,2,FALSE),"") -> 86760 | BZ11: =IFERROR(VLOOKUP(BZ10,'Module Items'!$A$1:$B$2587,2,FALSE),"") -> 114048 | CA11: =IFERROR(VLOOKUP(CA10,'Module Items'!$A$1:$B$2587,2,FALSE),"") -> 159056 | CB11: =IFERROR(VLOOKUP(CB10,'Module Items'!$A$1:$B$2587,2,FALSE),"") -> 118835 | CC11: =IFERROR(VLOOKUP(CC10,'Module Items'!$A$1:$B$2587,2,FALSE),"") -> 113391 | CD11: =IFERROR(VLOOKUP(CD10,'Module Items'!$A$1:$B$2587,2,FALSE),"") -> 142421 | CE11: =IFERROR(VLOOKUP(CE10,'Module Items'!$A$1:$B$2587,2,FALSE),"") -> 101017 | CF11: =IFERROR(VLOOKUP(CF10,'Module Items'!$A$1:$B$2587,2,FALSE),"") -> 49170 | ... DB11: =IFERROR(VLOOKUP(DB10,'Module Items'!$A$1:$B$2587,2,FALSE),"") -> 177644 | DC11: M13-1-1A08 | DD11: =IFERROR(VLOOKUP(DC11,'Module Items'!$A$1:$B$2587,2,FALSE),"") -> 120173 | DE11: =IFERROR(VLOOKUP(DC11,'Monthly Line Picks'!$A$1:$D$2000,4,FALSE),"0") -> 28 | DF11: M13-1-1B07 | DG11: =IFERROR(VLOOKUP(DF11,'Module Items'!$A$1:$B$2587,2,FALSE),"") -> 95684 | DH11: =IFERROR(VLOOKUP(DF11,'Monthly Line Picks'!$A$1:$D$2000,4,FALSE),"0") -> 5 | DI11: WALK-IN SHELVES | DL11: M13-1-1D10 | DM11: =IFERROR(VLOOKUP(DL11,'Module Items'!$A$1:$B$2587,2,FALSE),"") -> 1811 | DN11: =IFERROR(VLOOKUP(DL11,'Monthly Line Picks'!$A$1:$D$2000,4,FALSE),"0") -> 159 | DO11: M13-1-1E09 | DP11: =IFERROR(VLOOKUP(DO11,'Module Items'!$A$1:$B$2587,2,FALSE),"") -> 1428 | DQ11: =IFERROR(VLOOKUP(DO11,'Monthly Line Picks'!$A$1:$D$2000,4,FALSE),"0") -> 7 | DS11: =IFERROR(VLOOKUP(DR11,'Module Items'!$A$1:$B$2587,2,FALSE),"")
K12: =IFERROR(VLOOKUP(K10,'Monthly Line Picks'!$A$1:$D$2101,4,FALSE),"0") -> 6 | L12: =IFERROR(VLOOKUP(L10,'Monthly Line Picks'!$A$1:$D$2101,4,FALSE),"0") -> 12 | M12: =IFERROR(VLOOKUP(M10,'Monthly Line Picks'!$A$1:$D$2101,4,FALSE),"0") -> 40 | N12: =IFERROR(VLOOKUP(N10,'Monthly Line Picks'!$A$1:$D$2101,4,FALSE),"0") -> 3 | O12: =IFERROR(VLOOKUP(O10,'Monthly Line Picks'!$A$1:$D$2101,4,FALSE),"0") -> 21 | P12: =IFERROR(VLOOKUP(P10,'Monthly Line Picks'!$A$1:$D$2101,4,FALSE),"0") -> 5 | Q12: =IFERROR(VLOOKUP(Q10,'Monthly Line Picks'!$A$1:$D$2101,4,FALSE),"0") -> 56 | R12: =IFERROR(VLOOKUP(R10,'Monthly Line Picks'!$A$1:$D$2101,4,FALSE),"0") -> 6 | ... T12: =IFERROR(VLOOKUP(T10,'Monthly Line Picks'!$A$1:$D$2101,4,FALSE),"0") -> 12 | V12: =IFERROR(VLOOKUP(V10,'Monthly Line Picks'!$A$1:$D$2101,4,FALSE),"0") -> 14 | W12: =IFERROR(VLOOKUP(W10,'Monthly Line Picks'!$A$1:$D$2101,4,FALSE),"0") -> 231 | X12: =IFERROR(VLOOKUP(X10,'Monthly Line Picks'!$A$1:$D$2101,4,FALSE),"0") -> 0 | Y12: =IFERROR(VLOOKUP(Y10,'Monthly Line Picks'!$A$1:$D$2101,4,FALSE),"0") -> 4 | Z12: =IFERROR(VLOOKUP(Z10,'Monthly Line Picks'!$A$1:$D$2101,4,FALSE),"0") -> 14 | AA12: =IFERROR(VLOOKUP(AA10,'Monthly Line Picks'!$A$1:$D$2101,4,FALSE),"0") -> 0 | AB12: =IFERROR(VLOOKUP(AB10,'Monthly Line Picks'!$A$1:$D$2101,4,FALSE),"0") -> 7 | AC12: =IFERROR(VLOOKUP(AC10,'Monthly Line Picks'!$A$1:$D$2101,4,FALSE),"0") -> 8 | ... AZ12: =IFERROR(VLOOKUP(AZ10,'Monthly Line Picks'!$A$1:$D$2101,4,FALSE),"0") -> 27 | BA12: M13-1-8A09 | BB12: =IFERROR(VLOOKUP(BA12,'Module Items'!$A$1:$B$2587,2,FALSE),"") -> 109387 | BC12: =IFERROR(VLOOKUP(BA12,'Monthly Line Picks'!$A$1:$D$2000,4,FALSE),"0") -> 17 | BD12: M13-1-8B08 | BE12: =IFERROR(VLOOKUP(BD12,'Module Items'!$A$1:$B$2587,2,FALSE),"") -> 335 | BF12: =IFERROR(VLOOKUP(BD12,'Monthly Line Picks'!$A$1:$D$2000,4,FALSE),"0") -> 11 | BK12: =IFERROR(VLOOKUP(BJ12,'Module Items'!$A$1:$B$2587,2,FALSE),"") | BL12: =IFERROR(VLOOKUP(BJ12,'Monthly Line Picks'!$A$1:$D$2101,4,FALSE),"") | BM12: M13-1-8E01 | BN12: =IFERROR(VLOOKUP(BM12,'Module Items'!$A$1:$B$2587,2,FALSE),"") -> 160071 | BO12: =IFERROR(VLOOKUP(BM12,'Monthly Line Picks'!$A$1:$D$2000,4,FALSE),"0") -> 35 | BP12: M13-1-8E10 | BQ12: =IFERROR(VLOOKUP(BP12,'Module Items'!$A$1:$B$2587,2,FALSE),"") -> 82322 | BR12: =IFERROR(VLOOKUP(BP12,'Monthly Line Picks'!$A$1:$D$2000,4,FALSE),"0") -> 0 | BY12: =IFERROR(VLOOKUP(BY10,'Monthly Line Picks'!$A$1:$D$1458,4,FALSE),"0") -> 28 | BZ12: =IFERROR(VLOOKUP(BZ10,'Monthly Line Picks'!$A$1:$D$1458,4,FALSE),"0") -> 42 | CA12: =IFERROR(VLOOKUP(CA10,'Monthly Line Picks'!$A$1:$D$1458,4,FALSE),"0") -> 21 | CB12: =IFERROR(VLOOKUP(CB10,'Monthly Line Picks'!$A$1:$D$1458,4,FALSE),"0") -> 10 | CC12: =IFERROR(VLOOKUP(CC10,'Monthly Line Picks'!$A$1:$D$1458,4,FALSE),"0") -> 15 | CD12: =IFERROR(VLOOKUP(CD10,'Monthly Line Picks'!$A$1:$D$1458,4,FALSE),"0") -> 21 | CE12: =IFERROR(VLOOKUP(CE10,'Monthly Line Picks'!$A$1:$D$1458,4,FALSE),"0") -> 3 | CF12: =IFERROR(VLOOKUP(CF10,'Monthly Line Picks'!$A$1:$D$1458,4,FALSE),"0") -> 0 | ... DB12: =IFERROR(VLOOKUP(DB10,'Monthly Line Picks'!$A$1:$D$1458,4,FALSE),"0") -> 69 | DC12: M13-1-1A09 | DD12: =IFERROR(VLOOKUP(DC12,'Module Items'!$A$1:$B$2587,2,FALSE),"") -> 108911 | DE12: =IFERROR(VLOOKUP(DC12,'Monthly Line Picks'!$A$1:$D$2000,4,FALSE),"0") -> 83 | DF12: M13-1-1B08 | DG12: =IFERROR(VLOOKUP(DF12,'Module Items'!$A$1:$B$2587,2,FALSE),"") -> 18602 | DH12: =IFERROR(VLOOKUP(DF12,'Monthly Line Picks'!$A$1:$D$2000,4,FALSE),"0") -> 2 | DL12: M13-1-1E01 | DM12: =IFERROR(VLOOKUP(DL12,'Module Items'!$A$1:$B$2587,2,FALSE),"") -> 13164 | DN12: =IFERROR(VLOOKUP(DL12,'Monthly Line Picks'!$A$1:$D$2000,4,FALSE),"0") -> 0 | DO12: M13-1-1E10 | DP12: =IFERROR(VLOOKUP(DO12,'Module Items'!$A$1:$B$2587,2,FALSE),"") -> 28728 | DQ12: =IFERROR(VLOOKUP(DO12,'Monthly Line Picks'!$A$1:$D$2000,4,FALSE),"0") -> 9 | DS12: =IFERROR(VLOOKUP(DR12,'Module Items'!$A$1:$B$2587,2,FALSE),"")
K13: ZONE 1 | BY13: ZONE 3
K15: ZONE 2 | BS15: WALKWAY | BV15: ZONE 4
C16: TOTE FARM - 8' BAY | K16: =IFERROR(VLOOKUP(K18,'Monthly Line Picks'!$A$1:$D$1458,4,FALSE),"0") -> 9 | L16: =IFERROR(VLOOKUP(L18,'Monthly Line Picks'!$A$1:$D$1458,4,FALSE),"0") -> 15 | M16: =IFERROR(VLOOKUP(M18,'Monthly Line Picks'!$A$1:$D$1458,4,FALSE),"0") -> 15 | N16: =IFERROR(VLOOKUP(N18,'Monthly Line Picks'!$A$1:$D$1458,4,FALSE),"0") -> 6 | O16: =IFERROR(VLOOKUP(O18,'Monthly Line Picks'!$A$1:$D$1458,4,FALSE),"0") -> 0 | P16: =IFERROR(VLOOKUP(P18,'Monthly Line Picks'!$A$1:$D$1458,4,FALSE),"0") -> 15 | Q16: =IFERROR(VLOOKUP(Q18,'Monthly Line Picks'!$A$1:$D$1458,4,FALSE),"0") -> 4 | R16: =IFERROR(VLOOKUP(R18,'Monthly Line Picks'!$A$1:$D$1458,4,FALSE),"0") -> 9 | ... AZ16: =IFERROR(VLOOKUP(AZ18,'Monthly Line Picks'!$A$1:$D$1458,4,FALSE),"0") -> 6 | BA16: M14-1-8A01 | BB16: =IFERROR(VLOOKUP(BA16,'Module Items'!$A$1:$B$2587,2,FALSE),"") -> 18561 | BC16: =IFERROR(VLOOKUP(BA16,'Monthly Line Picks'!$A$1:$D$2000,4,FALSE),"0") -> 0 | BD16: M14-1-8A10 | BE16: =IFERROR(VLOOKUP(BD16,'Module Items'!$A$1:$B$2587,2,FALSE),"") -> 100034 | BF16: =IFERROR(VLOOKUP(BD16,'Monthly Line Picks'!$A$1:$D$2000,4,FALSE),"0") -> 0 | BG16: WALK-IN SHELVES | BK16: =IFERROR(VLOOKUP(BJ16,'Module Items'!$A$1:$B$2587,2,FALSE),"") | BL16: =IFERROR(VLOOKUP(BJ16,'Monthly Line Picks'!$A$1:$D$2101,4,FALSE),"") | BM16: M14-1-8D03 | BN16: =IFERROR(VLOOKUP(BM16,'Module Items'!$A$1:$B$2587,2,FALSE),"") -> 100055 | BO16: =IFERROR(VLOOKUP(BM16,'Monthly Line Picks'!$A$1:$D$2000,4,FALSE),"0") -> 0 | BP16: M14-1-8E02 | BQ16: =IFERROR(VLOOKUP(BP16,'Module Items'!$A$1:$B$2587,2,FALSE),"") -> 105593 | BR16: =IFERROR(VLOOKUP(BP16,'Monthly Line Picks'!$A$1:$D$2000,4,FALSE),"0") -> 0 | BV16: =IFERROR(VLOOKUP(BV18,'Monthly Line Picks'!$A$1:$D$1458,4,FALSE),"0") -> 13 | BW16: =IFERROR(VLOOKUP(BW18,'Monthly Line Picks'!$A$1:$D$1458,4,FALSE),"0") -> 9 | BX16: =IFERROR(VLOOKUP(BX18,'Monthly Line Picks'!$A$1:$D$1458,4,FALSE),"0") -> 17 | BY16: =IFERROR(VLOOKUP(BY18,'Monthly Line Picks'!$A$1:$D$1458,4,FALSE),"0") -> 0 | BZ16: =IFERROR(VLOOKUP(BZ18,'Monthly Line Picks'!$A$1:$D$1458,4,FALSE),"0") -> 0 | CA16: =IFERROR(VLOOKUP(CA18,'Monthly Line Picks'!$A$1:$D$1458,4,FALSE),"0") -> 0 | CB16: =IFERROR(VLOOKUP(CB18,'Monthly Line Picks'!$A$1:$D$1458,4,FALSE),"0") -> 0 | CC16: =IFERROR(VLOOKUP(CC18,'Monthly Line Picks'!$A$1:$D$1458,4,FALSE),"0") -> 563 | ... DB16: =IFERROR(VLOOKUP(DB18,'Monthly Line Picks'!$A$1:$D$1458,4,FALSE),"0") -> 27 | DC16: M14-1-1A01 | DD16: =IFERROR(VLOOKUP(DC16,'Module Items'!$A$1:$B$2587,2,FALSE),"") -> 1961 | DE16: =IFERROR(VLOOKUP(DC16,'Monthly Line Picks'!$A$1:$D$2000,4,FALSE),"0") -> 0 | DF16: M14-1-1A10 | DG16: =IFERROR(VLOOKUP(DF16,'Module Items'!$A$1:$B$2587,2,FALSE),"") -> 39949 | DH16: =IFERROR(VLOOKUP(DF16,'Monthly Line Picks'!$A$1:$D$2000,4,FALSE),"0") -> 0 | DI16: WALK-IN SHELVES | DO16: M14-1-1D03 | DP16: =IFERROR(VLOOKUP(DO16,'Module Items'!$A$1:$B$2587,2,FALSE),"") -> 88150 | DQ16: =IFERROR(VLOOKUP(DO16,'Monthly Line Picks'!$A$1:$D$2000,4,FALSE),"0") -> 17 | DR16: M14-1-1E02 | DS16: =IFERROR(VLOOKUP(DR16,'Module Items'!$A$1:$B$2587,2,FALSE),"") -> 23505 | DT16: =IFERROR(VLOOKUP(DR16,'Monthly Line Picks'!$A$1:$D$2000,4,FALSE),"0") -> 2
K17: =IFERROR(VLOOKUP(K18,'Module Items'!$A$1:$B$2587,2,FALSE),"") -> 77307 | L17: =IFERROR(VLOOKUP(L18,'Module Items'!$A$1:$B$2587,2,FALSE),"") -> 177436 | M17: =IFERROR(VLOOKUP(M18,'Module Items'!$A$1:$B$2587,2,FALSE),"") -> 35294 | N17: =IFERROR(VLOOKUP(N18,'Module Items'!$A$1:$B$2587,2,FALSE),"") -> 176167 | O17: =IFERROR(VLOOKUP(O18,'Module Items'!$A$1:$B$2587,2,FALSE),"") -> 1045 | P17: =IFERROR(VLOOKUP(P18,'Module Items'!$A$1:$B$2587,2,FALSE),"") -> 223313 | Q17: =IFERROR(VLOOKUP(Q18,'Module Items'!$A$1:$B$2587,2,FALSE),"") -> 155908 | R17: =IFERROR(VLOOKUP(R18,'Module Items'!$A$1:$B$2587,2,FALSE),"") -> 125447 | ... AZ17: =IFERROR(VLOOKUP(AZ18,'Module Items'!$A$1:$B$2587,2,FALSE),"") -> 131599 | BA17: M14-1-8A02 | BB17: =IFERROR(VLOOKUP(BA17,'Module Items'!$A$1:$B$2587,2,FALSE),"") -> 83415 | BC17: =IFERROR(VLOOKUP(BA17,'Monthly Line Picks'!$A$1:$D$2000,4,FALSE),"0") -> 1 | BD17: M14-1-8B01 | BE17: =IFERROR(VLOOKUP(BD17,'Module Items'!$A$1:$B$2587,2,FALSE),"") -> 105354 | BF17: =IFERROR(VLOOKUP(BD17,'Monthly Line Picks'!$A$1:$D$2000,4,FALSE),"0") -> 0 | BK17: =IFERROR(VLOOKUP(BJ17,'Module Items'!$A$1:$B$2587,2,FALSE),"") | BL17: =IFERROR(VLOOKUP(BJ17,'Monthly Line Picks'!$A$1:$D$2101,4,FALSE),"") | BM17: M14-1-8D04 | BN17: =IFERROR(VLOOKUP(BM17,'Module Items'!$A$1:$B$2587,2,FALSE),"") -> 101120 | BO17: =IFERROR(VLOOKUP(BM17,'Monthly Line Picks'!$A$1:$D$2000,4,FALSE),"0") -> 0 | BP17: M14-1-8E03 | BQ17: =IFERROR(VLOOKUP(BP17,'Module Items'!$A$1:$B$2587,2,FALSE),"") -> 4133 | BR17: =IFERROR(VLOOKUP(BP17,'Monthly Line Picks'!$A$1:$D$2000,4,FALSE),"0") -> 8 | BV17: =IFERROR(VLOOKUP(BV18,'Module Items'!$A$1:$B$2587,2,FALSE),"") -> 178520 | BW17: =IFERROR(VLOOKUP(BW18,'Module Items'!$A$1:$B$2587,2,FALSE),"") -> 130155 | BX17: =IFERROR(VLOOKUP(BX18,'Module Items'!$A$1:$B$2587,2,FALSE),"") -> 132826 | BY17: =IFERROR(VLOOKUP(BY18,'Module Items'!$A$1:$B$2587,2,FALSE),"") | BZ17: =IFERROR(VLOOKUP(BZ18,'Module Items'!$A$1:$B$2587,2,FALSE),"") | CA17: =IFERROR(VLOOKUP(CA18,'Module Items'!$A$1:$B$2587,2,FALSE),"") | CB17: =IFERROR(VLOOKUP(CB18,'Module Items'!$A$1:$B$2587,2,FALSE),"") | CC17: =IFERROR(VLOOKUP(CC18,'Module Items'!$A$1:$B$2587,2,FALSE),"") -> 111867 | ... DB17: =IFERROR(VLOOKUP(DB18,'Module Items'!$A$1:$B$2587,2,FALSE),"") -> 137870 | DC17: M14-1-1A02 | DD17: =IFERROR(VLOOKUP(DC17,'Module Items'!$A$1:$B$2587,2,FALSE),"") -> 849 | DE17: =IFERROR(VLOOKUP(DC17,'Monthly Line Picks'!$A$1:$D$2000,4,FALSE),"0") -> 1 | DF17: M14-1-1B01 | DG17: =IFERROR(VLOOKUP(DF17,'Module Items'!$A$1:$B$2587,2,FALSE),"") -> 112422 | DH17: =IFERROR(VLOOKUP(DF17,'Monthly Line Picks'!$A$1:$D$2000,4,FALSE),"0") -> 12 | DO17: M14-1-1D04 | DP17: =IFERROR(VLOOKUP(DO17,'Module Items'!$A$1:$B$2587,2,FALSE),"") -> 109336 | DQ17: =IFERROR(VLOOKUP(DO17,'Monthly Line Picks'!$A$1:$D$2000,4,FALSE),"0") -> 0 | DR17: M14-1-1E03 | DS17: =IFERROR(VLOOKUP(DR17,'Module Items'!$A$1:$B$2587,2,FALSE),"") -> 157507 | DT17: =IFERROR(VLOOKUP(DR17,'Monthly Line Picks'!$A$1:$D$2000,4,FALSE),"0") -> 24
K18: M12-1-6A06 | L18: M12-1-6A05 | M18: M12-1-6A04 | N18: M12-1-6A03 | O18: M12-1-6A02 | P18: M12-1-6A01 | Q18: M12-1-5A06 | R18: M12-1-5A05 | S18: M12-1-5A04 | T18: M12-1-5A03 | U18: M12-1-5A02 | V18: M12-1-5A01 | W18: M12-1-4A06 | X18: M12-1-4A05 | Y18: M12-1-4A04 | Z18: M12-1-4A03 | AA18: M12-1-4A02 | AB18: M12-1-4A01 | AC18: M12-1-3A06 | AD18: M12-1-3A05 | AE18: M12-1-3A04 | AF18: M12-1-3A03 | AG18: M12-1-3A02 | AH18: M12-1-3A01 | AI18: M12-1-2A06 | AJ18: M12-1-2A05 | AK18: M12-1-2A04 | AL18: M12-1-2A03 | AM18: M12-1-2A02 | AN18: M12-1-2A01 | AO18: M12-1-1A06 | AP18: M12-1-1A05 | AQ18: M12-1-1A04 | AR18: M12-1-1A03 | AS18: M12-1-1A02 | AT18: M12-1-1A01 | AU18: M14-1-9A06 | AV18: M14-1-9A05 | AW18: M14-1-9A04 | AX18: M14-1-9A03 | AY18: M14-1-9A02 | AZ18: M14-1-9A01 | BA18: M14-1-8A03 | BB18: =IFERROR(VLOOKUP(BA18,'Module Items'!$A$1:$B$2587,2,FALSE),"") | BC18: =IFERROR(VLOOKUP(BA18,'Monthly Line Picks'!$A$1:$D$2000,4,FALSE),"0") -> 0 | BD18: M14-1-8B02 | BE18: =IFERROR(VLOOKUP(BD18,'Module Items'!$A$1:$B$2587,2,FALSE),"") -> 61719 | BF18: =IFERROR(VLOOKUP(BD18,'Monthly Line Picks'!$A$1:$D$2000,4,FALSE),"0") -> 2 | BG18: M14-1-8B09 | BH18: =IFERROR(VLOOKUP(BG18,'Module Items'!$A$1:$B$2587,2,FALSE),"") -> 105207 | BI18: =IFERROR(VLOOKUP(BG18,'Monthly Line Picks'!$A$1:$D$2000,4,FALSE),"0") -> 0 | BJ18: M14-1-8C06 | BK18: =IFERROR(VLOOKUP(BJ18,'Module Items'!$A$1:$B$2587,2,FALSE),"") -> 109392 | BL18: =IFERROR(VLOOKUP(BJ18,'Monthly Line Picks'!$A$1:$D$2000,4,FALSE),"0") -> 3 | BM18: M14-1-8D05 | BN18: =IFERROR(VLOOKUP(BM18,'Module Items'!$A$1:$B$2587,2,FALSE),"") -> 101296 | BO18: =IFERROR(VLOOKUP(BM18,'Monthly Line Picks'!$A$1:$D$2000,4,FALSE),"0") -> 0 | BP18: M14-1-8E04 | BQ18: =IFERROR(VLOOKUP(BP18,'Module Items'!$A$1:$B$2587,2,FALSE),"") -> 101571 | BR18: =IFERROR(VLOOKUP(BP18,'Monthly Line Picks'!$A$1:$D$2000,4,FALSE),"0") -> 1 | BV18: M14-1-7A03 | BW18: M14-1-7A02 | BX18: M14-1-7A01 | BY18: M14-1-6A06 | BZ18: M14-1-6A05 | CA18: M14-1-6A04 | CB18: M14-1-6A03 | CC18: M14-1-6A02 | CD18: M14-1-6A01 | CE18: M14-1-5A06 | CF18: M14-1-5A05 | CG18: M14-1-5A04 | CH18: M14-1-5A03 | CI18: M14-1-5A02 | CJ18: M14-1-5A01 | CK18: M14-1-4A06 | CL18: M14-1-4A05 | CM18: M14-1-4A04 | CN18: M14-1-4A03 | CO18: M14-1-4A02 | CP18: M14-1-4A01 | CQ18: M14-1-3A06 | CR18: M14-1-3A05 | CS18: M14-1-3A04 | CT18: M14-1-3A03 | CU18: M14-1-3A02 | CV18: M14-1-3A01 | CW18: M14-1-2A06 | CX18: M14-1-2A05 | CY18: M14-1-2A04 | CZ18: M14-1-2A03 | DA18: M14-1-2A02 | DB18: M14-1-2A01 | DC18: M14-1-1A03 | DD18: =IFERROR(VLOOKUP(DC18,'Module Items'!$A$1:$B$2587,2,FALSE),"") -> 17407 | DE18: =IFERROR(VLOOKUP(DC18,'Monthly Line Picks'!$A$1:$D$2000,4,FALSE),"0") -> 1 | DF18: M14-1-1B02 | DG18: =IFERROR(VLOOKUP(DF18,'Module Items'!$A$1:$B$2587,2,FALSE),"") -> 174180 | DH18: =IFERROR(VLOOKUP(DF18,'Monthly Line Picks'!$A$1:$D$2000,4,FALSE),"0") -> 0 | DI18: M14-1-1B09 | DJ18: =IFERROR(VLOOKUP(DI18,'Module Items'!$A$1:$B$2587,2,FALSE),"") -> 158069 | DK18: =IFERROR(VLOOKUP(DI18,'Monthly Line Picks'!$A$1:$D$2000,4,FALSE),"0") -> 2 | DL18: M14-1-1C06 | DM18: =IFERROR(VLOOKUP(DL18,'Module Items'!$A$1:$B$2587,2,FALSE),"") -> 82462 | DN18: =IFERROR(VLOOKUP(DL18,'Monthly Line Picks'!$A$1:$D$2000,4,FALSE),"0") -> 5 | DO18: M14-1-1D05 | DP18: =IFERROR(VLOOKUP(DO18,'Module Items'!$A$1:$B$2587,2,FALSE),"") -> 177102 | DQ18: =IFERROR(VLOOKUP(DO18,'Monthly Line Picks'!$A$1:$D$2000,4,FALSE),"0") -> 0 | DR18: M14-1-1E04 | DS18: =IFERROR(VLOOKUP(DR18,'Module Items'!$A$1:$B$2587,2,FALSE),"") -> 365 | DT18: =IFERROR(VLOOKUP(DR18,'Monthly Line Picks'!$A$1:$D$2000,4,FALSE),"0") -> 9
K19: =IFERROR(VLOOKUP(K21,'Monthly Line Picks'!$A$1:$D$1458,4,FALSE),"0") -> 21 | L19: =IFERROR(VLOOKUP(L21,'Monthly Line Picks'!$A$1:$D$1458,4,FALSE),"0") -> 15 | M19: =IFERROR(VLOOKUP(M21,'Monthly Line Picks'!$A$1:$D$1458,4,FALSE),"0") -> 42 | N19: =IFERROR(VLOOKUP(N21,'Monthly Line Picks'!$A$1:$D$1458,4,FALSE),"0") -> 37 | O19: =IFERROR(VLOOKUP(O21,'Monthly Line Picks'!$A$1:$D$1458,4,FALSE),"0") -> 374 | P19: =IFERROR(VLOOKUP(P21,'Monthly Line Picks'!$A$1:$D$1458,4,FALSE),"0") -> 94 | Q19: =IFERROR(VLOOKUP(Q21,'Monthly Line Picks'!$A$1:$D$1458,4,FALSE),"0") -> 19 | R19: =IFERROR(VLOOKUP(R21,'Monthly Line Picks'!$A$1:$D$1458,4,FALSE),"0") -> 0 | ... AZ19: =IFERROR(VLOOKUP(AZ21,'Monthly Line Picks'!$A$1:$D$1458,4,FALSE),"0") -> 297 | BA19: M14-1-8A04 | BB19: =IFERROR(VLOOKUP(BA19,'Module Items'!$A$1:$B$2587,2,FALSE),"") -> 81887 | BC19: =IFERROR(VLOOKUP(BA19,'Monthly Line Picks'!$A$1:$D$2000,4,FALSE),"0") -> 0 | BD19: M14-1-8B03 | BE19: =IFERROR(VLOOKUP(BD19,'Module Items'!$A$1:$B$2587,2,FALSE),"") -> 100681 | BF19: =IFERROR(VLOOKUP(BD19,'Monthly Line Picks'!$A$1:$D$2000,4,FALSE),"0") -> 1 | BG19: M14-1-8B10 | BH19: =IFERROR(VLOOKUP(BG19,'Module Items'!$A$1:$B$2587,2,FALSE),"") -> 105901 | BI19: =IFERROR(VLOOKUP(BG19,'Monthly Line Picks'!$A$1:$D$2000,4,FALSE),"0") -> 1 | BJ19: M14-1-8C07 | BK19: =IFERROR(VLOOKUP(BJ19,'Module Items'!$A$1:$B$2587,2,FALSE),"") -> 3939 | BL19: =IFERROR(VLOOKUP(BJ19,'Monthly Line Picks'!$A$1:$D$2000,4,FALSE),"0") -> 0 | BM19: M14-1-8D06 | BN19: =IFERROR(VLOOKUP(BM19,'Module Items'!$A$1:$B$2587,2,FALSE),"") -> 105893 | BO19: =IFERROR(VLOOKUP(BM19,'Monthly Line Picks'!$A$1:$D$2000,4,FALSE),"0") -> 2 | BP19: M14-1-8E05 | BQ19: =IFERROR(VLOOKUP(BP19,'Module Items'!$A$1:$B$2587,2,FALSE),"") -> 82236 | BR19: =IFERROR(VLOOKUP(BP19,'Monthly Line Picks'!$A$1:$D$2000,4,FALSE),"0") -> 0 | BV19: =IFERROR(VLOOKUP(BV21,'Monthly Line Picks'!$A$1:$D$1458,4,FALSE),"0") -> 8 | BW19: =IFERROR(VLOOKUP(BW21,'Monthly Line Picks'!$A$1:$D$1458,4,FALSE),"0") -> 12 | BX19: =IFERROR(VLOOKUP(BX21,'Monthly Line Picks'!$A$1:$D$1458,4,FALSE),"0") -> 7 | BY19: =IFERROR(VLOOKUP(BY21,'Monthly Line Picks'!$A$1:$D$1458,4,FALSE),"0") -> 0 | BZ19: =IFERROR(VLOOKUP(BZ21,'Monthly Line Picks'!$A$1:$D$1458,4,FALSE),"0") -> 0 | CA19: =IFERROR(VLOOKUP(CA21,'Monthly Line Picks'!$A$1:$D$1458,4,FALSE),"0") -> 0 | CB19: =IFERROR(VLOOKUP(CB21,'Monthly Line Picks'!$A$1:$D$1458,4,FALSE),"0") -> 0 | CC19: =IFERROR(VLOOKUP(CC21,'Monthly Line Picks'!$A$1:$D$1458,4,FALSE),"0") -> 0 | ... DB19: =IFERROR(VLOOKUP(DB21,'Monthly Line Picks'!$A$1:$D$1458,4,FALSE),"0") -> 13 | DC19: M14-1-1A04 | DD19: =IFERROR(VLOOKUP(DC19,'Module Items'!$A$1:$B$2587,2,FALSE),"") -> 82494 | DE19: =IFERROR(VLOOKUP(DC19,'Monthly Line Picks'!$A$1:$D$2000,4,FALSE),"0") -> 4 | DF19: M14-1-1B03 | DG19: =IFERROR(VLOOKUP(DF19,'Module Items'!$A$1:$B$2587,2,FALSE),"") -> 158121 | DH19: =IFERROR(VLOOKUP(DF19,'Monthly Line Picks'!$A$1:$D$2000,4,FALSE),"0") -> 1 | DI19: M14-1-1B10 | DJ19: =IFERROR(VLOOKUP(DI19,'Module Items'!$A$1:$B$2587,2,FALSE),"") -> 157431 | DK19: =IFERROR(VLOOKUP(DI19,'Monthly Line Picks'!$A$1:$D$2000,4,FALSE),"0") -> 2 | DL19: M14-1-1C07 | DM19: =IFERROR(VLOOKUP(DL19,'Module Items'!$A$1:$B$2587,2,FALSE),"") -> 141049 | DN19: =IFERROR(VLOOKUP(DL19,'Monthly Line Picks'!$A$1:$D$2000,4,FALSE),"0") -> 5 | DO19: M14-1-1D06 | DP19: =IFERROR(VLOOKUP(DO19,'Module Items'!$A$1:$B$2587,2,FALSE),"") -> 134469 | DQ19: =IFERROR(VLOOKUP(DO19,'Monthly Line Picks'!$A$1:$D$2000,4,FALSE),"0") -> 0 | DR19: M14-1-1E05 | DS19: =IFERROR(VLOOKUP(DR19,'Module Items'!$A$1:$B$2587,2,FALSE),"") -> 72343 | DT19: =IFERROR(VLOOKUP(DR19,'Monthly Line Picks'!$A$1:$D$2000,4,FALSE),"0") -> 0
K20: =IFERROR(VLOOKUP(K21,'Module Items'!$A$1:$B$2587,2,FALSE),"") -> 141177 | L20: =IFERROR(VLOOKUP(L21,'Module Items'!$A$1:$B$2587,2,FALSE),"") -> 97690 | M20: =IFERROR(VLOOKUP(M21,'Module Items'!$A$1:$B$2587,2,FALSE),"") -> 172563 | N20: =IFERROR(VLOOKUP(N21,'Module Items'!$A$1:$B$2587,2,FALSE),"") -> 120005 | O20: =IFERROR(VLOOKUP(O21,'Module Items'!$A$1:$B$2587,2,FALSE),"") -> 100771 | P20: =IFERROR(VLOOKUP(P21,'Module Items'!$A$1:$B$2587,2,FALSE),"") -> 177009 | Q20: =IFERROR(VLOOKUP(Q21,'Module Items'!$A$1:$B$2587,2,FALSE),"") -> 18869 | R20: =IFERROR(VLOOKUP(R21,'Module Items'!$A$1:$B$2587,2,FALSE),"") -> 155913 | ... AZ20: =IFERROR(VLOOKUP(AZ21,'Module Items'!$A$1:$B$2587,2,FALSE),"") -> 178640 | BA20: M14-1-8A05 | BB20: =IFERROR(VLOOKUP(BA20,'Module Items'!$A$1:$B$2587,2,FALSE),"") -> 108160 | BC20: =IFERROR(VLOOKUP(BA20,'Monthly Line Picks'!$A$1:$D$2000,4,FALSE),"0") -> 0 | BD20: M14-1-8B04 | BE20: =IFERROR(VLOOKUP(BD20,'Module Items'!$A$1:$B$2587,2,FALSE),"") -> 58217 | BF20: =IFERROR(VLOOKUP(BD20,'Monthly Line Picks'!$A$1:$D$2000,4,FALSE),"0") -> 4 | BG20: M14-1-8C01 | BH20: =IFERROR(VLOOKUP(BG20,'Module Items'!$A$1:$B$2587,2,FALSE),"") -> 71465 | BI20: =IFERROR(VLOOKUP(BG20,'Monthly Line Picks'!$A$1:$D$2000,4,FALSE),"0") -> 0 | BJ20: M14-1-8C08 | BK20: =IFERROR(VLOOKUP(BJ20,'Module Items'!$A$1:$B$2587,2,FALSE),"") -> 65310 | BL20: =IFERROR(VLOOKUP(BJ20,'Monthly Line Picks'!$A$1:$D$2000,4,FALSE),"0") -> 0 | BM20: M14-1-8D07 | BN20: =IFERROR(VLOOKUP(BM20,'Module Items'!$A$1:$B$2587,2,FALSE),"") -> 66660 | BO20: =IFERROR(VLOOKUP(BM20,'Monthly Line Picks'!$A$1:$D$2000,4,FALSE),"0") -> 2 | BP20: M14-1-8E06 | BQ20: =IFERROR(VLOOKUP(BP20,'Module Items'!$A$1:$B$2587,2,FALSE),"") -> 132333 | BR20: =IFERROR(VLOOKUP(BP20,'Monthly Line Picks'!$A$1:$D$2000,4,FALSE),"0") -> 0 | BV20: =IFERROR(VLOOKUP(BV21,'Module Items'!$A$1:$B$2587,2,FALSE),"") -> 127300 | BW20: =IFERROR(VLOOKUP(BW21,'Module Items'!$A$1:$B$2587,2,FALSE),"") -> 18557 | BX20: =IFERROR(VLOOKUP(BX21,'Module Items'!$A$1:$B$2587,2,FALSE),"") -> 37456 | BY20: =IFERROR(VLOOKUP(BY21,'Module Items'!$A$1:$B$2587,2,FALSE),"") | BZ20: =IFERROR(VLOOKUP(BZ21,'Module Items'!$A$1:$B$2587,2,FALSE),"") | CA20: =IFERROR(VLOOKUP(CA21,'Module Items'!$A$1:$B$2587,2,FALSE),"") | CB20: =IFERROR(VLOOKUP(CB21,'Module Items'!$A$1:$B$2587,2,FALSE),"") | CC20: =IFERROR(VLOOKUP(CC21,'Module Items'!$A$1:$B$2587,2,FALSE),"") | ... DB20: =IFERROR(VLOOKUP(DB21,'Module Items'!$A$1:$B$2587,2,FALSE),"") -> 33299 | DC20: M14-1-1A05 | DD20: =IFERROR(VLOOKUP(DC20,'Module Items'!$A$1:$B$2587,2,FALSE),"") -> 37892 | DE20: =IFERROR(VLOOKUP(DC20,'Monthly Line Picks'!$A$1:$D$2000,4,FALSE),"0") -> 1 | DF20: M14-1-1B04 | DG20: =IFERROR(VLOOKUP(DF20,'Module Items'!$A$1:$B$2587,2,FALSE),"") -> 18058 | DH20: =IFERROR(VLOOKUP(DF20,'Monthly Line Picks'!$A$1:$D$2000,4,FALSE),"0") -> 3 | DI20: M14-1-1C01 | DJ20: =IFERROR(VLOOKUP(DI20,'Module Items'!$A$1:$B$2587,2,FALSE),"") -> 59361 | DK20: =IFERROR(VLOOKUP(DI20,'Monthly Line Picks'!$A$1:$D$2000,4,FALSE),"0") -> 4 | DL20: M14-1-1C08 | DM20: =IFERROR(VLOOKUP(DL20,'Module Items'!$A$1:$B$2587,2,FALSE),"") -> 306 | DN20: =IFERROR(VLOOKUP(DL20,'Monthly Line Picks'!$A$1:$D$2000,4,FALSE),"0") -> 13 | DO20: M14-1-1D07 | DP20: =IFERROR(VLOOKUP(DO20,'Module Items'!$A$1:$B$2587,2,FALSE),"") -> 137308 | DQ20: =IFERROR(VLOOKUP(DO20,'Monthly Line Picks'!$A$1:$D$2000,4,FALSE),"0") -> 3 | DR20: M14-1-1E06 | DS20: =IFERROR(VLOOKUP(DR20,'Module Items'!$A$1:$B$2587,2,FALSE),"") -> 176177 | DT20: =IFERROR(VLOOKUP(DR20,'Monthly Line Picks'!$A$1:$D$2000,4,FALSE),"0") -> 0
K21: M12-1-6B06 | L21: M12-1-6B05 | M21: M12-1-6B04 | N21: M12-1-6B03 | O21: M12-1-6B02 | P21: M12-1-6B01 | Q21: M12-1-5B06 | R21: M12-1-5B05 | S21: M12-1-5B04 | T21: M12-1-5B03 | U21: M12-1-5B02 | V21: M12-1-5B01 | W21: M12-1-4B06 | X21: M12-1-4B05 | Y21: M12-1-4B04 | Z21: M12-1-4B03 | AA21: M12-1-4B02 | AB21: M12-1-4B01 | AC21: M12-1-3B06 | AD21: M12-1-3B05 | AE21: M12-1-3B04 | AF21: M12-1-3B03 | AG21: M12-1-3B02 | AH21: M12-1-3B01 | AI21: M12-1-2B06 | AJ21: M12-1-2B05 | AK21: M12-1-2B04 | AL21: M12-1-2B03 | AM21: M12-1-2B02 | AN21: M12-1-2B01 | AO21: M12-1-1B06 | AP21: M12-1-1B05 | AQ21: M12-1-1B04 | AR21: M12-1-1B03 | AS21: M12-1-1B02 | AT21: M12-1-1B01 | AU21: M14-1-9B06 | AV21: M14-1-9B05 | AW21: M14-1-9B04 | AX21: M14-1-9B03 | AY21: M14-1-9B02 | AZ21: M14-1-9B01 | BA21: M14-1-8A06 | BB21: =IFERROR(VLOOKUP(BA21,'Module Items'!$A$1:$B$2587,2,FALSE),"") -> 125972 | BC21: =IFERROR(VLOOKUP(BA21,'Monthly Line Picks'!$A$1:$D$2000,4,FALSE),"0") -> 0 | BD21: M14-1-8B05 | BE21: =IFERROR(VLOOKUP(BD21,'Module Items'!$A$1:$B$2587,2,FALSE),"") -> 60520 | BF21: =IFERROR(VLOOKUP(BD21,'Monthly Line Picks'!$A$1:$D$2000,4,FALSE),"0") -> 0 | BG21: M14-1-8C02 | BH21: =IFERROR(VLOOKUP(BG21,'Module Items'!$A$1:$B$2587,2,FALSE),"") -> 105892 | BI21: =IFERROR(VLOOKUP(BG21,'Monthly Line Picks'!$A$1:$D$2000,4,FALSE),"0") -> 0 | BJ21: M14-1-8C09 | BK21: =IFERROR(VLOOKUP(BJ21,'Module Items'!$A$1:$B$2587,2,FALSE),"") -> 41936 | BL21: =IFERROR(VLOOKUP(BJ21,'Monthly Line Picks'!$A$1:$D$2000,4,FALSE),"0") -> 0 | BM21: M14-1-8D08 | BN21: =IFERROR(VLOOKUP(BM21,'Module Items'!$A$1:$B$2587,2,FALSE),"") -> 125713 | BO21: =IFERROR(VLOOKUP(BM21,'Monthly Line Picks'!$A$1:$D$2000,4,FALSE),"0") -> 0 | BP21: M14-1-8E07 | BQ21: =IFERROR(VLOOKUP(BP21,'Module Items'!$A$1:$B$2587,2,FALSE),"") -> 60589 | BR21: =IFERROR(VLOOKUP(BP21,'Monthly Line Picks'!$A$1:$D$2000,4,FALSE),"0") -> 4 | BV21: M14-1-7B03 | BW21: M14-1-7B02 | BX21: M14-1-7B01 | BY21: M14-1-6B06 | BZ21: M14-1-6B05 | CA21: M14-1-6B04 | CB21: M14-1-6B03 | CC21: M14-1-6B02 | CD21: M14-1-6B01 | CE21: M14-1-5B06 | CF21: M14-1-5B05 | CG21: M14-1-5B04 | CH21: M14-1-5B03 | CI21: M14-1-5B02 | CJ21: M14-1-5B01 | CK21: M14-1-4B06 | CL21: M14-1-4B05 | CM21: M14-1-4B04 | CN21: M14-1-4B03 | CO21: M14-1-4B02 | CP21: M14-1-4B01 | CQ21: M14-1-3B06 | CR21: M14-1-3B05 | CS21: M14-1-3B04 | CT21: M14-1-3B03 | CU21: M14-1-3B02 | CV21: M14-1-3B01 | CW21: M14-1-2B06 | CX21: M14-1-2B05 | CY21: M14-1-2B04 | CZ21: M14-1-2B03 | DA21: M14-1-2B02 | DB21: M14-1-2B01 | DC21: M14-1-1A06 | DD21: =IFERROR(VLOOKUP(DC21,'Module Items'!$A$1:$B$2587,2,FALSE),"") -> 77663 | DE21: =IFERROR(VLOOKUP(DC21,'Monthly Line Picks'!$A$1:$D$2000,4,FALSE),"0") -> 1 | DF21: M14-1-1B05 | DG21: =IFERROR(VLOOKUP(DF21,'Module Items'!$A$1:$B$2587,2,FALSE),"") -> 158001 | DH21: =IFERROR(VLOOKUP(DF21,'Monthly Line Picks'!$A$1:$D$2000,4,FALSE),"0") -> 5 | DI21: M14-1-1C02 | DJ21: =IFERROR(VLOOKUP(DI21,'Module Items'!$A$1:$B$2587,2,FALSE),"") -> 11491 | DK21: =IFERROR(VLOOKUP(DI21,'Monthly Line Picks'!$A$1:$D$2000,4,FALSE),"0") -> 3 | DL21: M14-1-1C09 | DM21: =IFERROR(VLOOKUP(DL21,'Module Items'!$A$1:$B$2587,2,FALSE),"") -> 1078 | DN21: =IFERROR(VLOOKUP(DL21,'Monthly Line Picks'!$A$1:$D$2000,4,FALSE),"0") -> 2 | DO21: M14-1-1D08 | DP21: =IFERROR(VLOOKUP(DO21,'Module Items'!$A$1:$B$2587,2,FALSE),"") -> 17408 | DQ21: =IFERROR(VLOOKUP(DO21,'Monthly Line Picks'!$A$1:$D$2000,4,FALSE),"0") -> 12 | DR21: M14-1-1E07 | DS21: =IFERROR(VLOOKUP(DR21,'Module Items'!$A$1:$B$2587,2,FALSE),"") -> 223208 | DT21: =IFERROR(VLOOKUP(DR21,'Monthly Line Picks'!$A$1:$D$2000,4,FALSE),"0") -> 4
K22: =IFERROR(VLOOKUP(K24,'Monthly Line Picks'!$A$1:$D$1458,4,FALSE),"0") -> 11 | L22: =IFERROR(VLOOKUP(L24,'Monthly Line Picks'!$A$1:$D$1458,4,FALSE),"0") -> 23 | M22: =IFERROR(VLOOKUP(M24,'Monthly Line Picks'!$A$1:$D$1458,4,FALSE),"0") -> 46 | N22: =IFERROR(VLOOKUP(N24,'Monthly Line Picks'!$A$1:$D$1458,4,FALSE),"0") -> 7 | O22: =IFERROR(VLOOKUP(O24,'Monthly Line Picks'!$A$1:$D$1458,4,FALSE),"0") -> 53 | P22: =IFERROR(VLOOKUP(P24,'Monthly Line Picks'!$A$1:$D$1458,4,FALSE),"0") -> 8 | Q22: =IFERROR(VLOOKUP(Q24,'Monthly Line Picks'!$A$1:$D$1458,4,FALSE),"0") -> 0 | R22: =IFERROR(VLOOKUP(R24,'Monthly Line Picks'!$A$1:$D$1458,4,FALSE),"0") -> 94 | ... AZ22: =IFERROR(VLOOKUP(AZ24,'Monthly Line Picks'!$A$1:$D$1458,4,FALSE),"0") -> 13 | BA22: M14-1-8A07 | BB22: =IFERROR(VLOOKUP(BA22,'Module Items'!$A$1:$B$2587,2,FALSE),"") -> 66944 | BC22: =IFERROR(VLOOKUP(BA22,'Monthly Line Picks'!$A$1:$D$2000,4,FALSE),"0") -> 0 | BD22: M14-1-8B06 | BE22: =IFERROR(VLOOKUP(BD22,'Module Items'!$A$1:$B$2587,2,FALSE),"") -> 127351 | BF22: =IFERROR(VLOOKUP(BD22,'Monthly Line Picks'!$A$1:$D$2000,4,FALSE),"0") -> 0 | BG22: M14-1-8C03 | BH22: =IFERROR(VLOOKUP(BG22,'Module Items'!$A$1:$B$2587,2,FALSE),"") -> 133655 | BI22: =IFERROR(VLOOKUP(BG22,'Monthly Line Picks'!$A$1:$D$2000,4,FALSE),"0") -> 0 | BJ22: M14-1-8C10 | BK22: =IFERROR(VLOOKUP(BJ22,'Module Items'!$A$1:$B$2587,2,FALSE),"") -> 101359 | BL22: =IFERROR(VLOOKUP(BJ22,'Monthly Line Picks'!$A$1:$D$2000,4,FALSE),"0") -> 3 | BM22: M14-1-8D09 | BN22: =IFERROR(VLOOKUP(BM22,'Module Items'!$A$1:$B$2587,2,FALSE),"") -> 77717 | BO22: =IFERROR(VLOOKUP(BM22,'Monthly Line Picks'!$A$1:$D$2000,4,FALSE),"0") -> 0 | BP22: M14-1-8E08 | BQ22: =IFERROR(VLOOKUP(BP22,'Module Items'!$A$1:$B$2587,2,FALSE),"") -> 71432 | BR22: =IFERROR(VLOOKUP(BP22,'Monthly Line Picks'!$A$1:$D$2000,4,FALSE),"0") -> 1 | BV22: =IFERROR(VLOOKUP(BV24,'Monthly Line Picks'!$A$1:$D$1458,4,FALSE),"0") -> 18 | BW22: =IFERROR(VLOOKUP(BW24,'Monthly Line Picks'!$A$1:$D$1458,4,FALSE),"0") -> 4 | BX22: =IFERROR(VLOOKUP(BX24,'Monthly Line Picks'!$A$1:$D$1458,4,FALSE),"0") -> 6 | BY22: =IFERROR(VLOOKUP(BY24,'Monthly Line Picks'!$A$1:$D$1458,4,FALSE),"0") -> 0 | BZ22: =IFERROR(VLOOKUP(BZ24,'Monthly Line Picks'!$A$1:$D$1458,4,FALSE),"0") -> 0 | CA22: =IFERROR(VLOOKUP(CA24,'Monthly Line Picks'!$A$1:$D$1458,4,FALSE),"0") -> 0 | CB22: =IFERROR(VLOOKUP(CB24,'Monthly Line Picks'!$A$1:$D$1458,4,FALSE),"0") -> 0 | CC22: =IFERROR(VLOOKUP(CC24,'Monthly Line Picks'!$A$1:$D$1458,4,FALSE),"0") -> 0 | ... DB22: =IFERROR(VLOOKUP(DB24,'Monthly Line Picks'!$A$1:$D$1458,4,FALSE),"0") -> 12 | DC22: M14-1-1A07 | DD22: =IFERROR(VLOOKUP(DC22,'Module Items'!$A$1:$B$2587,2,FALSE),"") -> 11797 | DE22: =IFERROR(VLOOKUP(DC22,'Monthly Line Picks'!$A$1:$D$2000,4,FALSE),"0") -> 0 | DF22: M14-1-1B06 | DG22: =IFERROR(VLOOKUP(DF22,'Module Items'!$A$1:$B$2587,2,FALSE),"") -> 18396 | DH22: =IFERROR(VLOOKUP(DF22,'Monthly Line Picks'!$A$1:$D$2000,4,FALSE),"0") -> 18 | DI22: M14-1-1C03 | DJ22: =IFERROR(VLOOKUP(DI22,'Module Items'!$A$1:$B$2587,2,FALSE),"") -> 96259 | DK22: =IFERROR(VLOOKUP(DI22,'Monthly Line Picks'!$A$1:$D$2000,4,FALSE),"0") -> 9 | DL22: M14-1-1C10 | DM22: =IFERROR(VLOOKUP(DL22,'Module Items'!$A$1:$B$2587,2,FALSE),"") -> 10881 | DN22: =IFERROR(VLOOKUP(DL22,'Monthly Line Picks'!$A$1:$D$2000,4,FALSE),"0") -> 4 | DO22: M14-1-1D09 | DP22: =IFERROR(VLOOKUP(DO22,'Module Items'!$A$1:$B$2587,2,FALSE),"") -> 131519 | DQ22: =IFERROR(VLOOKUP(DO22,'Monthly Line Picks'!$A$1:$D$2000,4,FALSE),"0") -> 0 | DR22: M14-1-1E08 | DS22: =IFERROR(VLOOKUP(DR22,'Module Items'!$A$1:$B$2587,2,FALSE),"") -> 134069 | DT22: =IFERROR(VLOOKUP(DR22,'Monthly Line Picks'!$A$1:$D$2000,4,FALSE),"0") -> 8
K23: =IFERROR(VLOOKUP(K24,'Module Items'!$A$1:$B$2587,2,FALSE),"") -> 132789 | L23: =IFERROR(VLOOKUP(L24,'Module Items'!$A$1:$B$2587,2,FALSE),"") -> 157330 | M23: =IFERROR(VLOOKUP(M24,'Module Items'!$A$1:$B$2587,2,FALSE),"") -> 60733 | N23: =IFERROR(VLOOKUP(N24,'Module Items'!$A$1:$B$2587,2,FALSE),"") -> 77270 | O23: =IFERROR(VLOOKUP(O24,'Module Items'!$A$1:$B$2587,2,FALSE),"") -> 130169 | P23: =IFERROR(VLOOKUP(P24,'Module Items'!$A$1:$B$2587,2,FALSE),"") -> 468 | Q23: =IFERROR(VLOOKUP(Q24,'Module Items'!$A$1:$B$2587,2,FALSE),"") -> 177178 | R23: =IFERROR(VLOOKUP(R24,'Module Items'!$A$1:$B$2587,2,FALSE),"") -> 99855 | ... AZ23: =IFERROR(VLOOKUP(AZ24,'Module Items'!$A$1:$B$2587,2,FALSE),"") -> 39527 | BA23: M14-1-8A08 | BB23: =IFERROR(VLOOKUP(BA23,'Module Items'!$A$1:$B$2587,2,FALSE),"") -> 363 | BC23: =IFERROR(VLOOKUP(BA23,'Monthly Line Picks'!$A$1:$D$2000,4,FALSE),"0") -> 9 | BD23: M14-1-8B07 | BE23: =IFERROR(VLOOKUP(BD23,'Module Items'!$A$1:$B$2587,2,FALSE),"") -> 17995 | BF23: =IFERROR(VLOOKUP(BD23,'Monthly Line Picks'!$A$1:$D$2000,4,FALSE),"0") -> 0 | BG23: M14-1-8C04 | BH23: =IFERROR(VLOOKUP(BG23,'Module Items'!$A$1:$B$2587,2,FALSE),"") -> 105894 | BI23: =IFERROR(VLOOKUP(BG23,'Monthly Line Picks'!$A$1:$D$2000,4,FALSE),"0") -> 0 | BJ23: M14-1-8D01 | BK23: =IFERROR(VLOOKUP(BJ23,'Module Items'!$A$1:$B$2587,2,FALSE),"") -> 100992 | BL23: =IFERROR(VLOOKUP(BJ23,'Monthly Line Picks'!$A$1:$D$2000,4,FALSE),"0") -> 0 | BM23: M14-1-8D10 | BN23: =IFERROR(VLOOKUP(BM23,'Module Items'!$A$1:$B$2587,2,FALSE),"") -> 2942 | BO23: =IFERROR(VLOOKUP(BM23,'Monthly Line Picks'!$A$1:$D$2000,4,FALSE),"0") -> 0 | BP23: M14-1-8E09 | BQ23: =IFERROR(VLOOKUP(BP23,'Module Items'!$A$1:$B$2587,2,FALSE),"") -> 71433 | BR23: =IFERROR(VLOOKUP(BP23,'Monthly Line Picks'!$A$1:$D$2000,4,FALSE),"0") -> 1 | BV23: =IFERROR(VLOOKUP(BV24,'Module Items'!$A$1:$B$2587,2,FALSE),"") -> 42862 | BW23: =IFERROR(VLOOKUP(BW24,'Module Items'!$A$1:$B$2587,2,FALSE),"") | BX23: =IFERROR(VLOOKUP(BX24,'Module Items'!$A$1:$B$2587,2,FALSE),"") -> 60788 | BY23: =IFERROR(VLOOKUP(BY24,'Module Items'!$A$1:$B$2587,2,FALSE),"") | BZ23: =IFERROR(VLOOKUP(BZ24,'Module Items'!$A$1:$B$2587,2,FALSE),"") | CA23: =IFERROR(VLOOKUP(CA24,'Module Items'!$A$1:$B$2587,2,FALSE),"") | CB23: =IFERROR(VLOOKUP(CB24,'Module Items'!$A$1:$B$2587,2,FALSE),"") | CC23: =IFERROR(VLOOKUP(CC24,'Module Items'!$A$1:$B$2587,2,FALSE),"") | ... DB23: =IFERROR(VLOOKUP(DB24,'Module Items'!$A$1:$B$2587,2,FALSE),"") -> 26459 | DC23: M14-1-1A08 | DD23: =IFERROR(VLOOKUP(DC23,'Module Items'!$A$1:$B$2587,2,FALSE),"") -> 116204 | DE23: =IFERROR(VLOOKUP(DC23,'Monthly Line Picks'!$A$1:$D$2000,4,FALSE),"0") -> 35 | DF23: M14-1-1B07 | DG23: =IFERROR(VLOOKUP(DF23,'Module Items'!$A$1:$B$2587,2,FALSE),"") -> 8541 | DH23: =IFERROR(VLOOKUP(DF23,'Monthly Line Picks'!$A$1:$D$2000,4,FALSE),"0") -> 12 | DI23: M14-1-1C04 | DJ23: =IFERROR(VLOOKUP(DI23,'Module Items'!$A$1:$B$2587,2,FALSE),"") -> 60079 | DK23: =IFERROR(VLOOKUP(DI23,'Monthly Line Picks'!$A$1:$D$2000,4,FALSE),"0") -> 1 | DL23: M14-1-1D01 | DM23: =IFERROR(VLOOKUP(DL23,'Module Items'!$A$1:$B$2587,2,FALSE),"") -> 9385 | DN23: =IFERROR(VLOOKUP(DL23,'Monthly Line Picks'!$A$1:$D$2000,4,FALSE),"0") -> 7 | DO23: M14-1-1D10 | DP23: =IFERROR(VLOOKUP(DO23,'Module Items'!$A$1:$B$2587,2,FALSE),"") -> 89900 | DQ23: =IFERROR(VLOOKUP(DO23,'Monthly Line Picks'!$A$1:$D$2000,4,FALSE),"0") -> 0 | DR23: M14-1-1E09 | DS23: =IFERROR(VLOOKUP(DR23,'Module Items'!$A$1:$B$2587,2,FALSE),"") -> 113927 | DT23: =IFERROR(VLOOKUP(DR23,'Monthly Line Picks'!$A$1:$D$2000,4,FALSE),"0") -> 0
K24: M12-1-6C06 | L24: M12-1-6C05 | M24: M12-1-6C04 | N24: M12-1-6C03 | O24: M12-1-6C02 | P24: M12-1-6C01 | Q24: M12-1-5C06 | R24: M12-1-5C05 | S24: M12-1-5C04 | T24: M12-1-5C03 | U24: M12-1-5C02 | V24: M12-1-5C01 | W24: M12-1-4C06 | X24: M12-1-4C05 | Y24: M12-1-4C04 | Z24: M12-1-4C03 | AA24: M12-1-4C02 | AB24: M12-1-4C01 | AC24: M12-1-3C06 | AD24: M12-1-3C05 | AE24: M12-1-3C04 | AF24: M12-1-3C03 | AG24: M12-1-3C02 | AH24: M12-1-3C01 | AI24: M12-1-2C06 | AJ24: M12-1-2C05 | AK24: M12-1-2C04 | AL24: M12-1-2C03 | AM24: M12-1-2C02 | AN24: M12-1-2C01 | AO24: M12-1-1C06 | AP24: M12-1-1C05 | AQ24: M12-1-1C04 | AR24: M12-1-1C03 | AS24: M12-1-1C02 | AT24: M12-1-1C01 | AU24: M14-1-9C06 | AV24: M14-1-9C05 | AW24: M14-1-9C04 | AX24: M14-1-9C03 | AY24: M14-1-9C02 | AZ24: M14-1-9C01 | BA24: M14-1-8A09 | BB24: =IFERROR(VLOOKUP(BA24,'Module Items'!$A$1:$B$2587,2,FALSE),"") -> 132725 | BC24: =IFERROR(VLOOKUP(BA24,'Monthly Line Picks'!$A$1:$D$2000,4,FALSE),"0") -> 0 | BD24: M14-1-8B08 | BE24: =IFERROR(VLOOKUP(BD24,'Module Items'!$A$1:$B$2587,2,FALSE),"") -> 17099 | BF24: =IFERROR(VLOOKUP(BD24,'Monthly Line Picks'!$A$1:$D$2000,4,FALSE),"0") -> 4 | BG24: M14-1-8C05 | BH24: =IFERROR(VLOOKUP(BG24,'Module Items'!$A$1:$B$2587,2,FALSE),"") -> 101287 | BI24: =IFERROR(VLOOKUP(BG24,'Monthly Line Picks'!$A$1:$D$2000,4,FALSE),"0") -> 0 | BJ24: M14-1-8D02 | BK24: =IFERROR(VLOOKUP(BJ24,'Module Items'!$A$1:$B$2587,2,FALSE),"") -> 71466 | BL24: =IFERROR(VLOOKUP(BJ24,'Monthly Line Picks'!$A$1:$D$2000,4,FALSE),"0") -> 0 | BM24: M14-1-8E01 | BN24: =IFERROR(VLOOKUP(BM24,'Module Items'!$A$1:$B$2587,2,FALSE),"") -> 112369 | BO24: =IFERROR(VLOOKUP(BM24,'Monthly Line Picks'!$A$1:$D$2000,4,FALSE),"0") -> 1 | BP24: M14-1-8E10 | BQ24: =IFERROR(VLOOKUP(BP24,'Module Items'!$A$1:$B$2587,2,FALSE),"") -> 100022 | BR24: =IFERROR(VLOOKUP(BP24,'Monthly Line Picks'!$A$1:$D$2000,4,FALSE),"0") -> 0 | BV24: M14-1-7C03 | BW24: M14-1-7C02 | BX24: M14-1-7C01 | BY24: M14-1-6C06 | BZ24: M14-1-6C05 | CA24: M14-1-6C04 | CB24: M14-1-6C03 | CC24: M14-1-6C02 | CD24: M14-1-6C01 | CE24: M14-1-5C06 | CF24: M14-1-5C05 | CG24: M14-1-5C04 | CH24: M14-1-5C03 | CI24: M14-1-5C02 | CJ24: M14-1-5C01 | CK24: M14-1-4C06 | CL24: M14-1-4C05 | CM24: M14-1-4C04 | CN24: M14-1-4C03 | CO24: M14-1-4C02 | CP24: M14-1-4C01 | CQ24: M14-1-3C06 | CR24: M14-1-3C05 | CS24: M14-1-3C04 | CT24: M14-1-3C03 | CU24: M14-1-3C02 | CV24: M14-1-3C01 | CW24: M14-1-2C06 | CX24: M14-1-2C05 | CY24: M14-1-2C04 | CZ24: M14-1-2C03 | DA24: M14-1-2C02 | DB24: M14-1-2C01 | DC24: M14-1-1A09 | DD24: =IFERROR(VLOOKUP(DC24,'Module Items'!$A$1:$B$2587,2,FALSE),"") -> 112676 | DE24: =IFERROR(VLOOKUP(DC24,'Monthly Line Picks'!$A$1:$D$2000,4,FALSE),"0") -> 0 | DF24: M14-1-1B08 | DG24: =IFERROR(VLOOKUP(DF24,'Module Items'!$A$1:$B$2587,2,FALSE),"") -> 85363 | DH24: =IFERROR(VLOOKUP(DF24,'Monthly Line Picks'!$A$1:$D$2000,4,FALSE),"0") -> 4 | DI24: M14-1-1C05 | DJ24: =IFERROR(VLOOKUP(DI24,'Module Items'!$A$1:$B$2587,2,FALSE),"") -> 7896 | DK24: =IFERROR(VLOOKUP(DI24,'Monthly Line Picks'!$A$1:$D$2000,4,FALSE),"0") -> 1 | DL24: M14-1-1D02 | DM24: =IFERROR(VLOOKUP(DL24,'Module Items'!$A$1:$B$2587,2,FALSE),"") -> 156818 | DN24: =IFERROR(VLOOKUP(DL24,'Monthly Line Picks'!$A$1:$D$2000,4,FALSE),"0") -> 0 | DO24: M14-1-1E01 | DP24: =IFERROR(VLOOKUP(DO24,'Module Items'!$A$1:$B$2587,2,FALSE),"") -> 110479 | DQ24: =IFERROR(VLOOKUP(DO24,'Monthly Line Picks'!$A$1:$D$2000,4,FALSE),"0") -> 12 | DR24: M14-1-1E10 | DS24: =IFERROR(VLOOKUP(DR24,'Module Items'!$A$1:$B$2587,2,FALSE),"") -> 24478 | DT24: =IFERROR(VLOOKUP(DR24,'Monthly Line Picks'!$A$1:$D$2000,4,FALSE),"0") -> 14
U28: 2ND FLOOR | AO28: PICK MOD 1 | BP28: 2ND FLOOR
K31: M18-2-1A01 | L31: =IFERROR(VLOOKUP(K31,'Module Items'!$A$1:$B$2587,2,FALSE),"") -> 96428 | M31: =IFERROR(VLOOKUP(K31,'Monthly Line Picks'!$A$1:$D$2000,4,FALSE),"0") -> 7 | N31: M18-2-1A10 | O31: =IFERROR(VLOOKUP(N31,'Module Items'!$A$1:$B$2587,2,FALSE),"") -> 35587 | P31: =IFERROR(VLOOKUP(N31,'Monthly Line Picks'!$A$1:$D$2000,4,FALSE),"0") -> 5 | Q31: M18-2-1B09 | R31: =IFERROR(VLOOKUP(Q31,'Module Items'!$A$1:$B$2587,2,FALSE),"") -> 88081 | S31: =IFERROR(VLOOKUP(Q31,'Monthly Line Picks'!$A$1:$D$2000,4,FALSE),"0") -> 22 | T31: M18-2-1C06 | U31: =IFERROR(VLOOKUP(T31,'Module Items'!$A$1:$B$2587,2,FALSE),"") -> 111197 | V31: =IFERROR(VLOOKUP(T31,'Monthly Line Picks'!$A$1:$D$2000,4,FALSE),"0") -> 3 | W31: M18-2-1D03 | X31: =IFERROR(VLOOKUP(W31,'Module Items'!$A$1:$B$2587,2,FALSE),"") -> 105598 | Y31: =IFERROR(VLOOKUP(W31,'Monthly Line Picks'!$A$1:$D$2000,4,FALSE),"0") -> 0 | Z31: M18-2-1E02 | AA31: =IFERROR(VLOOKUP(Z31,'Module Items'!$A$1:$B$2587,2,FALSE),"") -> 1618 | AB31: =IFERROR(VLOOKUP(Z31,'Monthly Line Picks'!$A$1:$D$2000,4,FALSE),"0") -> 0 | AC31: M18-2-2C01 | AD31: M18-2-2C02 | AE31: M18-2-2C03 | AF31: M18-2-2C04 | AG31: COLUMN | AH31: M18-2-2C06 | AI31: M18-2-3C01 | AJ31: M18-2-3C02 | AK31: M18-2-3C03 | AL31: M18-2-3C04 | AM31: M18-2-3C05 | AN31: M18-2-3C06 | AO31: M18-2-4C01 | AP31: M18-2-4C02 | AQ31: M18-2-4C03 | AR31: M18-2-4C04 | AS31: M18-2-4C05 | AT31: M18-2-4C06 | AU31: M18-2-5C01 | AV31: M18-2-5C02 | AW31: M18-2-5C03 | AX31: M18-2-5C04 | AY31: M18-2-5C05 | AZ31: M18-2-5C06 | BA31: M18-2-6C01 | BB31: M18-2-6C02 | BC31: M18-2-6C03 | BD31: M18-2-6C04 | BE31: M18-2-6C05 | BF31: M18-2-6C06 | BG31: M18-2-7C01 | BH31: M18-2-7C02 | BI31: M18-2-7C03 | BJ31: M18-2-7C04 | BK31: M18-2-7C05 | BL31: M18-2-7C06 | BM31: M16-2-1A01 | BN31: =IFERROR(VLOOKUP(BM31,'Module Items'!$A$1:$B$2587,2,FALSE),"") -> 35276 | BO31: =IFERROR(VLOOKUP(BM31,'Monthly Line Picks'!$A$1:$D$2000,4,FALSE),"0") -> 19 | BP31: M16-2-1A10 | BQ31: =IFERROR(VLOOKUP(BP31,'Module Items'!$A$1:$B$2587,2,FALSE),"") -> 7411 | BR31: =IFERROR(VLOOKUP(BP31,'Monthly Line Picks'!$A$1:$D$2000,4,FALSE),"0") -> 5 | BS31: M16-2-1B09 | BT31: =IFERROR(VLOOKUP(BS31,'Module Items'!$A$1:$B$2587,2,FALSE),"") -> 100772 | BU31: =IFERROR(VLOOKUP(BS31,'Monthly Line Picks'!$A$1:$D$2000,4,FALSE),"0") -> 17 | BV31: M16-2-1C06 | BW31: =IFERROR(VLOOKUP(BV31,'Module Items'!$A$1:$B$2587,2,FALSE),"") -> 54337 | BX31: =IFERROR(VLOOKUP(BV31,'Monthly Line Picks'!$A$1:$D$2000,4,FALSE),"0") -> 0 | BY31: M16-2-1D03 | BZ31: =IFERROR(VLOOKUP(BY31,'Module Items'!$A$1:$B$2587,2,FALSE),"") -> 1628 | CA31: =IFERROR(VLOOKUP(BY31,'Monthly Line Picks'!$A$1:$D$2000,4,FALSE),"0") -> 0 | CB31: M16-2-1E02 | CC31: =IFERROR(VLOOKUP(CB31,'Module Items'!$A$1:$B$2587,2,FALSE),"") -> 127283 | CD31: =IFERROR(VLOOKUP(CB31,'Monthly Line Picks'!$A$1:$D$2000,4,FALSE),"0") -> 4 | CE31: COLUMN | CH31: M16-2-2C04 | CI31: M16-2-2C05 | CJ31: M16-2-2C06 | CK31: M16-2-3C01 | CL31: M16-2-3C02 | CM31: M16-2-3C03 | CN31: M16-2-3C04 | CO31: M16-2-3C05 | CP31: M16-2-3C06 | CQ31: M16-2-4C01 | CR31: M16-2-4C02 | CS31: M16-2-4C03 | CT31: M16-2-4C04 | CU31: M16-2-4C05 | CV31: M16-2-4C06 | CW31: M16-2-5C01 | CX31: M16-2-5C02 | CY31: M16-2-5C03 | CZ31: M16-2-5C04 | DA31: M16-2-5C05 | DB31: M16-2-5C06 | DC31: M16-2-6C01 | DD31: M16-2-6C02 | DE31: M16-2-6C03 | DF31: M16-2-6C04 | DG31: M16-2-6C05 | DH31: M16-2-6C06 | DI31: M16-2-7C01 | DJ31: M16-2-7C02 | DK31: M16-2-7C03 | DL31: M16-2-7C04 | DM31: M16-2-7C05 | DN31: M16-2-7C06 | DO31: M16-2-8C01 | DP31: M16-2-8C02 | DQ31: M16-2-8C03 | DR31: M16-2-8C04 | DS31: COLUMN | DT31: M16-2-8C06
K32: M18-2-1A02 | L32: =IFERROR(VLOOKUP(K32,'Module Items'!$A$1:$B$2587,2,FALSE),"") -> 12090 | M32: =IFERROR(VLOOKUP(K32,'Monthly Line Picks'!$A$1:$D$2000,4,FALSE),"0") -> 2 | N32: M18-2-1B01 | O32: =IFERROR(VLOOKUP(N32,'Module Items'!$A$1:$B$2587,2,FALSE),"") -> 124911 | P32: =IFERROR(VLOOKUP(N32,'Monthly Line Picks'!$A$1:$D$2000,4,FALSE),"0") -> 17 | Q32: M18-2-1B10 | R32: =IFERROR(VLOOKUP(Q32,'Module Items'!$A$1:$B$2587,2,FALSE),"") -> 95111 | S32: =IFERROR(VLOOKUP(Q32,'Monthly Line Picks'!$A$1:$D$2000,4,FALSE),"0") -> 11 | T32: M18-2-1C07 | U32: =IFERROR(VLOOKUP(T32,'Module Items'!$A$1:$B$2587,2,FALSE),"") -> 159034 | V32: =IFERROR(VLOOKUP(T32,'Monthly Line Picks'!$A$1:$D$2000,4,FALSE),"0") -> 2 | W32: M18-2-1D04 | X32: =IFERROR(VLOOKUP(W32,'Module Items'!$A$1:$B$2587,2,FALSE),"") -> 30221 | Y32: =IFERROR(VLOOKUP(W32,'Monthly Line Picks'!$A$1:$D$2000,4,FALSE),"0") -> 0 | Z32: M18-2-1E03 | AA32: =IFERROR(VLOOKUP(Z32,'Module Items'!$A$1:$B$2587,2,FALSE),"") -> 89003 | AB32: =IFERROR(VLOOKUP(Z32,'Monthly Line Picks'!$A$1:$D$2000,4,FALSE),"0") -> 1 | AC32: =IFERROR(VLOOKUP(AC31,'Module Items'!$A$1:$B$2587,2,FALSE),"") -> 1394 | AD32: =IFERROR(VLOOKUP(AD31,'Module Items'!$A$1:$B$2587,2,FALSE),"") -> 9808 | AE32: =IFERROR(VLOOKUP(AE31,'Module Items'!$A$1:$B$2587,2,FALSE),"") | AF32: =IFERROR(VLOOKUP(AF31,'Module Items'!$A$1:$B$2587,2,FALSE),"") -> 31490 | AH32: =IFERROR(VLOOKUP(AH31,'Module Items'!$A$1:$B$2587,2,FALSE),"") -> 35070 | AI32: =IFERROR(VLOOKUP(AI31,'Module Items'!$A$1:$B$2587,2,FALSE),"") | AJ32: =IFERROR(VLOOKUP(AJ31,'Module Items'!$A$1:$B$2587,2,FALSE),"") -> 20417 | AK32: =IFERROR(VLOOKUP(AK31,'Module Items'!$A$1:$B$2587,2,FALSE),"") -> 97197 | AL32: =IFERROR(VLOOKUP(AL31,'Module Items'!$A$1:$B$2587,2,FALSE),"") -> 110817 | AM32: =IFERROR(VLOOKUP(AM31,'Module Items'!$A$1:$B$2587,2,FALSE),"") -> 9225 | AN32: =IFERROR(VLOOKUP(AN31,'Module Items'!$A$1:$B$2587,2,FALSE),"") -> OPEN | AO32: =IFERROR(VLOOKUP(AO31,'Module Items'!$A$1:$B$2587,2,FALSE),"") | ... BL32: =IFERROR(VLOOKUP(BL31,'Module Items'!$A$1:$B$2587,2,FALSE),"") -> 110946 | BM32: M16-2-1A02 | BN32: =IFERROR(VLOOKUP(BM32,'Module Items'!$A$1:$B$2587,2,FALSE),"") -> 28560 | BO32: =IFERROR(VLOOKUP(BM32,'Monthly Line Picks'!$A$1:$D$2000,4,FALSE),"0") -> 2 | BP32: M16-2-1B01 | BQ32: =IFERROR(VLOOKUP(BP32,'Module Items'!$A$1:$B$2587,2,FALSE),"") -> 100161 | BR32: =IFERROR(VLOOKUP(BP32,'Monthly Line Picks'!$A$1:$D$2000,4,FALSE),"0") -> 1 | BS32: M16-2-1B10 | BT32: =IFERROR(VLOOKUP(BS32,'Module Items'!$A$1:$B$2587,2,FALSE),"") -> 62520 | BU32: =IFERROR(VLOOKUP(BS32,'Monthly Line Picks'!$A$1:$D$2000,4,FALSE),"0") -> 1 | BV32: M16-2-1C07 | BW32: =IFERROR(VLOOKUP(BV32,'Module Items'!$A$1:$B$2587,2,FALSE),"") -> 87497 | BX32: =IFERROR(VLOOKUP(BV32,'Monthly Line Picks'!$A$1:$D$2000,4,FALSE),"0") -> 7 | BY32: M16-2-1D04 | BZ32: =IFERROR(VLOOKUP(BY32,'Module Items'!$A$1:$B$2587,2,FALSE),"") -> 6827 | CA32: =IFERROR(VLOOKUP(BY32,'Monthly Line Picks'!$A$1:$D$2000,4,FALSE),"0") -> 4 | CB32: M16-2-1E03 | CC32: =IFERROR(VLOOKUP(CB32,'Module Items'!$A$1:$B$2587,2,FALSE),"") -> 9662 | CD32: =IFERROR(VLOOKUP(CB32,'Monthly Line Picks'!$A$1:$D$2000,4,FALSE),"0") -> 7 | CH32: =IFERROR(VLOOKUP(CH31,'Module Items'!$A$1:$B$2587,2,FALSE),"") -> 132592 | CI32: =IFERROR(VLOOKUP(CI31,'Module Items'!$A$1:$B$2587,2,FALSE),"") -> OPEN | CJ32: =IFERROR(VLOOKUP(CJ31,'Module Items'!$A$1:$B$2587,2,FALSE),"") -> OPEN | CK32: =IFERROR(VLOOKUP(CK31,'Module Items'!$A$1:$B$2587,2,FALSE),"") -> 2921 | CL32: =IFERROR(VLOOKUP(CL31,'Module Items'!$A$1:$B$2587,2,FALSE),"") | CM32: =IFERROR(VLOOKUP(CM31,'Module Items'!$A$1:$B$2587,2,FALSE),"") | CN32: =IFERROR(VLOOKUP(CN31,'Module Items'!$A$1:$B$2587,2,FALSE),"") -> 129090 | CO32: =IFERROR(VLOOKUP(CO31,'Module Items'!$A$1:$B$2587,2,FALSE),"") -> 125063 | ... DR32: =IFERROR(VLOOKUP(DR31,'Module Items'!$A$1:$B$2587,2,FALSE),"") -> 176803 | DT32: =IFERROR(VLOOKUP(DT31,'Module Items'!$A$1:$B$2587,2,FALSE),"")
K33: M18-2-1A03 | L33: =IFERROR(VLOOKUP(K33,'Module Items'!$A$1:$B$2587,2,FALSE),"") -> 177090 | M33: =IFERROR(VLOOKUP(K33,'Monthly Line Picks'!$A$1:$D$2000,4,FALSE),"0") -> 0 | N33: M18-2-1B02 | O33: =IFERROR(VLOOKUP(N33,'Module Items'!$A$1:$B$2587,2,FALSE),"") -> OPEN | P33: =IFERROR(VLOOKUP(N33,'Monthly Line Picks'!$A$1:$D$2000,4,FALSE),"0") -> 2 | Q33: M18-2-1C01 | R33: =IFERROR(VLOOKUP(Q33,'Module Items'!$A$1:$B$2587,2,FALSE),"") -> 222 | S33: =IFERROR(VLOOKUP(Q33,'Monthly Line Picks'!$A$1:$D$2000,4,FALSE),"0") -> 14 | T33: M18-2-1C08 | U33: =IFERROR(VLOOKUP(T33,'Module Items'!$A$1:$B$2587,2,FALSE),"") -> 118618 | V33: =IFERROR(VLOOKUP(T33,'Monthly Line Picks'!$A$1:$D$2000,4,FALSE),"0") -> 11 | W33: M18-2-1D05 | X33: =IFERROR(VLOOKUP(W33,'Module Items'!$A$1:$B$2587,2,FALSE),"") -> 13898 | Y33: =IFERROR(VLOOKUP(W33,'Monthly Line Picks'!$A$1:$D$2000,4,FALSE),"0") -> 0 | Z33: M18-2-1E04 | AA33: =IFERROR(VLOOKUP(Z33,'Module Items'!$A$1:$B$2587,2,FALSE),"") -> 61850 | AB33: =IFERROR(VLOOKUP(Z33,'Monthly Line Picks'!$A$1:$D$2000,4,FALSE),"0") -> 0 | AC33: =IFERROR(VLOOKUP(AC31,'Monthly Line Picks'!$A$1:$D$2101,4,FALSE),"0") -> 151 | AD33: =IFERROR(VLOOKUP(AD31,'Monthly Line Picks'!$A$1:$D$2101,4,FALSE),"0") -> 182 | AE33: =IFERROR(VLOOKUP(AE31,'Monthly Line Picks'!$A$1:$D$2101,4,FALSE),"0") -> 0 | AF33: =IFERROR(VLOOKUP(AF31,'Monthly Line Picks'!$A$1:$D$2101,4,FALSE),"0") -> 245 | AH33: =IFERROR(VLOOKUP(AH31,'Monthly Line Picks'!$A$1:$D$2101,4,FALSE),"0") -> 85 | AI33: =IFERROR(VLOOKUP(AI31,'Monthly Line Picks'!$A$1:$D$2101,4,FALSE),"0") -> 0 | AJ33: =IFERROR(VLOOKUP(AJ31,'Monthly Line Picks'!$A$1:$D$2101,4,FALSE),"0") -> 145 | AK33: =IFERROR(VLOOKUP(AK31,'Monthly Line Picks'!$A$1:$D$2101,4,FALSE),"0") -> 140 | AL33: =IFERROR(VLOOKUP(AL31,'Monthly Line Picks'!$A$1:$D$2101,4,FALSE),"0") -> 148 | AM33: =IFERROR(VLOOKUP(AM31,'Monthly Line Picks'!$A$1:$D$2101,4,FALSE),"0") -> 78 | AN33: =IFERROR(VLOOKUP(AN31,'Monthly Line Picks'!$A$1:$D$2101,4,FALSE),"0") -> 0 | AO33: =IFERROR(VLOOKUP(AO31,'Monthly Line Picks'!$A$1:$D$2101,4,FALSE),"0") -> 6 | ... BL33: =IFERROR(VLOOKUP(BL31,'Monthly Line Picks'!$A$1:$D$2101,4,FALSE),"0") -> 0 | BM33: M16-2-1A03 | BN33: =IFERROR(VLOOKUP(BM33,'Module Items'!$A$1:$B$2587,2,FALSE),"") -> 58568 | BO33: =IFERROR(VLOOKUP(BM33,'Monthly Line Picks'!$A$1:$D$2000,4,FALSE),"0") -> 3 | BP33: M16-2-1B02 | BQ33: =IFERROR(VLOOKUP(BP33,'Module Items'!$A$1:$B$2587,2,FALSE),"") -> 138285 | BR33: =IFERROR(VLOOKUP(BP33,'Monthly Line Picks'!$A$1:$D$2000,4,FALSE),"0") -> 18 | BS33: M16-2-1C01 | BT33: =IFERROR(VLOOKUP(BS33,'Module Items'!$A$1:$B$2587,2,FALSE),"") -> 116639 | BU33: =IFERROR(VLOOKUP(BS33,'Monthly Line Picks'!$A$1:$D$2000,4,FALSE),"0") -> 68 | BV33: M16-2-1C08 | BW33: =IFERROR(VLOOKUP(BV33,'Module Items'!$A$1:$B$2587,2,FALSE),"") -> 96726 | BX33: =IFERROR(VLOOKUP(BV33,'Monthly Line Picks'!$A$1:$D$2000,4,FALSE),"0") -> 5 | BY33: M16-2-1D05 | BZ33: =IFERROR(VLOOKUP(BY33,'Module Items'!$A$1:$B$2587,2,FALSE),"") -> 176765 | CA33: =IFERROR(VLOOKUP(BY33,'Monthly Line Picks'!$A$1:$D$2000,4,FALSE),"0") -> 4 | CB33: M16-2-1E04 | CC33: =IFERROR(VLOOKUP(CB33,'Module Items'!$A$1:$B$2587,2,FALSE),"") -> 13348 | CD33: =IFERROR(VLOOKUP(CB33,'Monthly Line Picks'!$A$1:$D$2000,4,FALSE),"0") -> 6 | CH33: =IFERROR(VLOOKUP(CH31,'Monthly Line Picks'!$A$1:$D$2101,4,FALSE),"0") -> 107 | CI33: =IFERROR(VLOOKUP(CI31,'Monthly Line Picks'!$A$1:$D$2101,4,FALSE),"0") -> 0 | CJ33: =IFERROR(VLOOKUP(CJ31,'Monthly Line Picks'!$A$1:$D$2101,4,FALSE),"0") -> 0 | CK33: =IFERROR(VLOOKUP(CK31,'Monthly Line Picks'!$A$1:$D$2101,4,FALSE),"0") -> 238 | CL33: =IFERROR(VLOOKUP(CL31,'Monthly Line Picks'!$A$1:$D$2101,4,FALSE),"0") -> 0 | CM33: =IFERROR(VLOOKUP(CM31,'Monthly Line Picks'!$A$1:$D$2101,4,FALSE),"0") -> 0 | CN33: =IFERROR(VLOOKUP(CN31,'Monthly Line Picks'!$A$1:$D$2101,4,FALSE),"0") -> 98 | CO33: =IFERROR(VLOOKUP(CO31,'Monthly Line Picks'!$A$1:$D$2101,4,FALSE),"0") -> 54 | ... DR33: =IFERROR(VLOOKUP(DR31,'Monthly Line Picks'!$A$1:$D$2101,4,FALSE),"0") -> 21 | DT33: =IFERROR(VLOOKUP(DT31,'Monthly Line Picks'!$A$1:$D$1458,4,FALSE),"0") -> 0
K34: M18-2-1A04 | L34: =IFERROR(VLOOKUP(K34,'Module Items'!$A$1:$B$2587,2,FALSE),"") -> 126155 | M34: =IFERROR(VLOOKUP(K34,'Monthly Line Picks'!$A$1:$D$2000,4,FALSE),"0") -> 0 | N34: M18-2-1B03 | O34: =IFERROR(VLOOKUP(N34,'Module Items'!$A$1:$B$2587,2,FALSE),"") -> 116458 | P34: =IFERROR(VLOOKUP(N34,'Monthly Line Picks'!$A$1:$D$2000,4,FALSE),"0") -> 5 | Q34: M18-2-1C02 | R34: =IFERROR(VLOOKUP(Q34,'Module Items'!$A$1:$B$2587,2,FALSE),"") -> 101265 | S34: =IFERROR(VLOOKUP(Q34,'Monthly Line Picks'!$A$1:$D$2000,4,FALSE),"0") -> 16 | T34: M18-2-1C09 | U34: =IFERROR(VLOOKUP(T34,'Module Items'!$A$1:$B$2587,2,FALSE),"") -> 101249 | V34: =IFERROR(VLOOKUP(T34,'Monthly Line Picks'!$A$1:$D$2000,4,FALSE),"0") -> 13 | W34: M18-2-1D06 | X34: =IFERROR(VLOOKUP(W34,'Module Items'!$A$1:$B$2587,2,FALSE),"") -> 4410 | Y34: =IFERROR(VLOOKUP(W34,'Monthly Line Picks'!$A$1:$D$2000,4,FALSE),"0") -> 4 | Z34: M18-2-1E05 | AA34: =IFERROR(VLOOKUP(Z34,'Module Items'!$A$1:$B$2587,2,FALSE),"") -> 100294 | AB34: =IFERROR(VLOOKUP(Z34,'Monthly Line Picks'!$A$1:$D$2000,4,FALSE),"0") -> 3 | AC34: M18-2-2B01 | AD34: M18-2-2B02 | AE34: M18-2-2B03 | AF34: M18-2-2B04 | AH34: M18-2-2B06 | AI34: M18-2-3B01 | AJ34: M18-2-3B02 | AK34: M18-2-3B03 | AL34: M18-2-3B04 | AM34: M18-2-3B05 | AN34: M18-2-3B06 | AO34: M18-2-4B01 | AP34: M18-2-4B02 | AQ34: M18-2-4B03 | AR34: M18-2-4B04 | AS34: M18-2-4B05 | AT34: M18-2-4B06 | AU34: M18-2-5B01 | AV34: M18-2-5B02 | AW34: M18-2-5B03 | AX34: M18-2-5B04 | AY34: M18-2-5B05 | AZ34: M18-2-5B06 | BA34: M18-2-6B01 | BB34: M18-2-6B02 | BC34: M18-2-6B03 | BD34: M18-2-6B04 | BE34: M18-2-6B05 | BF34: M18-2-6B06 | BG34: M18-2-7B01 | BH34: M18-2-7B02 | BI34: M18-2-7B03 | BJ34: M18-2-7B04 | BK34: M18-2-7B05 | BL34: M18-2-7B06 | BM34: M16-2-1A04 | BN34: =IFERROR(VLOOKUP(BM34,'Module Items'!$A$1:$B$2587,2,FALSE),"") -> 73353 | BO34: =IFERROR(VLOOKUP(BM34,'Monthly Line Picks'!$A$1:$D$2000,4,FALSE),"0") -> 14 | BP34: M16-2-1B03 | BQ34: =IFERROR(VLOOKUP(BP34,'Module Items'!$A$1:$B$2587,2,FALSE),"") -> 156679 | BR34: =IFERROR(VLOOKUP(BP34,'Monthly Line Picks'!$A$1:$D$2000,4,FALSE),"0") -> 1 | BS34: M16-2-1C02 | BT34: =IFERROR(VLOOKUP(BS34,'Module Items'!$A$1:$B$2587,2,FALSE),"") -> 91 | BU34: =IFERROR(VLOOKUP(BS34,'Monthly Line Picks'!$A$1:$D$2000,4,FALSE),"0") -> 9 | BV34: M16-2-1C09 | BW34: =IFERROR(VLOOKUP(BV34,'Module Items'!$A$1:$B$2587,2,FALSE),"") -> 2948 | BX34: =IFERROR(VLOOKUP(BV34,'Monthly Line Picks'!$A$1:$D$2000,4,FALSE),"0") -> 7 | BY34: M16-2-1D06 | BZ34: =IFERROR(VLOOKUP(BY34,'Module Items'!$A$1:$B$2587,2,FALSE),"") -> 84777 | CA34: =IFERROR(VLOOKUP(BY34,'Monthly Line Picks'!$A$1:$D$2000,4,FALSE),"0") -> 8 | CB34: M16-2-1E05 | CC34: =IFERROR(VLOOKUP(CB34,'Module Items'!$A$1:$B$2587,2,FALSE),"") -> 107986 | CD34: =IFERROR(VLOOKUP(CB34,'Monthly Line Picks'!$A$1:$D$2000,4,FALSE),"0") -> 1 | CH34: M16-2-2B04 | CI34: M16-2-2B05 | CJ34: M16-2-2B06 | CK34: M16-2-3B01 | CL34: M16-2-3B02 | CM34: M16-2-3B03 | CN34: M16-2-3B04 | CO34: M16-2-3B05 | CP34: M16-2-3B06 | CQ34: M16-2-4B01 | CR34: M16-2-4B02 | CS34: M16-2-4B03 | CT34: M16-2-4B04 | CU34: M16-2-4B05 | CV34: M16-2-4B06 | CW34: M16-2-5B01 | CX34: M16-2-5B02 | CY34: M16-2-5B03 | CZ34: M16-2-5B04 | DA34: M16-2-5B05 | DB34: M16-2-5B06 | DC34: M16-2-6B01 | DD34: M16-2-6B02 | DE34: M16-2-6B03 | DF34: M16-2-6B04 | DG34: M16-2-6B05 | DH34: M16-2-6B06 | DI34: M16-2-7B01 | DJ34: M16-2-7B02 | DK34: M16-2-7B03 | DL34: M16-2-7B04 | DM34: M16-2-7B05 | DN34: M16-2-7B06 | DO34: M16-2-8B01 | DP34: M16-2-8B02 | DQ34: M16-2-8B03 | DR34: M16-2-8B04 | DT34: M16-2-8B06
K35: M18-2-1A05 | L35: =IFERROR(VLOOKUP(K35,'Module Items'!$A$1:$B$2587,2,FALSE),"") -> 69079 | M35: =IFERROR(VLOOKUP(K35,'Monthly Line Picks'!$A$1:$D$2000,4,FALSE),"0") -> 0 | N35: M18-2-1B04 | O35: =IFERROR(VLOOKUP(N35,'Module Items'!$A$1:$B$2587,2,FALSE),"") -> 77911 | P35: =IFERROR(VLOOKUP(N35,'Monthly Line Picks'!$A$1:$D$2000,4,FALSE),"0") -> 3 | Q35: M18-2-1C03 | R35: =IFERROR(VLOOKUP(Q35,'Module Items'!$A$1:$B$2587,2,FALSE),"") -> 127244 | S35: =IFERROR(VLOOKUP(Q35,'Monthly Line Picks'!$A$1:$D$2000,4,FALSE),"0") -> 25 | T35: M18-2-1C10 | U35: =IFERROR(VLOOKUP(T35,'Module Items'!$A$1:$B$2587,2,FALSE),"") -> 30774 | V35: =IFERROR(VLOOKUP(T35,'Monthly Line Picks'!$A$1:$D$2000,4,FALSE),"0") -> 0 | W35: M18-2-1D07 | X35: =IFERROR(VLOOKUP(W35,'Module Items'!$A$1:$B$2587,2,FALSE),"") -> 6833 | Y35: =IFERROR(VLOOKUP(W35,'Monthly Line Picks'!$A$1:$D$2000,4,FALSE),"0") -> 14 | Z35: M18-2-1E06 | AA35: =IFERROR(VLOOKUP(Z35,'Module Items'!$A$1:$B$2587,2,FALSE),"") -> 119896 | AB35: =IFERROR(VLOOKUP(Z35,'Monthly Line Picks'!$A$1:$D$2000,4,FALSE),"0") -> 2 | AC35: =IFERROR(VLOOKUP(AC34,'Module Items'!$A$1:$B$2587,2,FALSE),"") -> 97220 | AD35: =IFERROR(VLOOKUP(AD34,'Module Items'!$A$1:$B$2587,2,FALSE),"") | AE35: =IFERROR(VLOOKUP(AE34,'Module Items'!$A$1:$B$2587,2,FALSE),"") | AF35: =IFERROR(VLOOKUP(AF34,'Module Items'!$A$1:$B$2587,2,FALSE),"") -> 113611 | AH35: =IFERROR(VLOOKUP(AH34,'Module Items'!$A$1:$B$2587,2,FALSE),"") -> 135227 | AI35: =IFERROR(VLOOKUP(AI34,'Module Items'!$A$1:$B$2587,2,FALSE),"") | AJ35: =IFERROR(VLOOKUP(AJ34,'Module Items'!$A$1:$B$2587,2,FALSE),"") | AK35: =IFERROR(VLOOKUP(AK34,'Module Items'!$A$1:$B$2587,2,FALSE),"") | AL35: =IFERROR(VLOOKUP(AL34,'Module Items'!$A$1:$B$2587,2,FALSE),"") -> 112566 | AM35: =IFERROR(VLOOKUP(AM34,'Module Items'!$A$1:$B$2587,2,FALSE),"") -> 3043 | AN35: =IFERROR(VLOOKUP(AN34,'Module Items'!$A$1:$B$2587,2,FALSE),"") -> OPEN | AO35: =IFERROR(VLOOKUP(AO34,'Module Items'!$A$1:$B$2587,2,FALSE),"") -> 157660 | ... BL35: =IFERROR(VLOOKUP(BL34,'Module Items'!$A$1:$B$2587,2,FALSE),"") -> 156829 | BM35: M16-2-1A05 | BN35: =IFERROR(VLOOKUP(BM35,'Module Items'!$A$1:$B$2587,2,FALSE),"") -> 61250 | BO35: =IFERROR(VLOOKUP(BM35,'Monthly Line Picks'!$A$1:$D$2000,4,FALSE),"0") -> 4 | BP35: M16-2-1B04 | BQ35: =IFERROR(VLOOKUP(BP35,'Module Items'!$A$1:$B$2587,2,FALSE),"") -> 61046 | BR35: =IFERROR(VLOOKUP(BP35,'Monthly Line Picks'!$A$1:$D$2000,4,FALSE),"0") -> 34 | BS35: M16-2-1C03 | BT35: =IFERROR(VLOOKUP(BS35,'Module Items'!$A$1:$B$2587,2,FALSE),"") -> 140909 | BU35: =IFERROR(VLOOKUP(BS35,'Monthly Line Picks'!$A$1:$D$2000,4,FALSE),"0") -> 0 | BV35: M16-2-1C10 | BW35: =IFERROR(VLOOKUP(BV35,'Module Items'!$A$1:$B$2587,2,FALSE),"") -> 13892 | BX35: =IFERROR(VLOOKUP(BV35,'Monthly Line Picks'!$A$1:$D$2000,4,FALSE),"0") -> 2 | BY35: M16-2-1D07 | BZ35: =IFERROR(VLOOKUP(BY35,'Module Items'!$A$1:$B$2587,2,FALSE),"") -> 39812 | CA35: =IFERROR(VLOOKUP(BY35,'Monthly Line Picks'!$A$1:$D$2000,4,FALSE),"0") -> 0 | CB35: M16-2-1E06 | CC35: =IFERROR(VLOOKUP(CB35,'Module Items'!$A$1:$B$2587,2,FALSE),"") -> 88073 | CD35: =IFERROR(VLOOKUP(CB35,'Monthly Line Picks'!$A$1:$D$2000,4,FALSE),"0") -> 2 | CH35: =IFERROR(VLOOKUP(CH34,'Module Items'!$A$1:$B$2587,2,FALSE),"") | CI35: =IFERROR(VLOOKUP(CI34,'Module Items'!$A$1:$B$2587,2,FALSE),"") -> 125897 | CJ35: =IFERROR(VLOOKUP(CJ34,'Module Items'!$A$1:$B$2587,2,FALSE),"") | CK35: =IFERROR(VLOOKUP(CK34,'Module Items'!$A$1:$B$2587,2,FALSE),"") -> 100875 | CL35: =IFERROR(VLOOKUP(CL34,'Module Items'!$A$1:$B$2587,2,FALSE),"") -> OPEN | CM35: =IFERROR(VLOOKUP(CM34,'Module Items'!$A$1:$B$2587,2,FALSE),"") -> 130177 | CN35: =IFERROR(VLOOKUP(CN34,'Module Items'!$A$1:$B$2587,2,FALSE),"") -> 124669 | CO35: =IFERROR(VLOOKUP(CO34,'Module Items'!$A$1:$B$2587,2,FALSE),"") -> 106272 | ... DR35: =IFERROR(VLOOKUP(DR34,'Module Items'!$A$1:$B$2587,2,FALSE),"") | DT35: =IFERROR(VLOOKUP(DT34,'Module Items'!$A$1:$B$2587,2,FALSE),"")
K36: M18-2-1A06 | L36: =IFERROR(VLOOKUP(K36,'Module Items'!$A$1:$B$2587,2,FALSE),"") -> 59210 | M36: =IFERROR(VLOOKUP(K36,'Monthly Line Picks'!$A$1:$D$2000,4,FALSE),"0") -> 2 | N36: M18-2-1B05 | O36: =IFERROR(VLOOKUP(N36,'Module Items'!$A$1:$B$2587,2,FALSE),"") -> 131875 | P36: =IFERROR(VLOOKUP(N36,'Monthly Line Picks'!$A$1:$D$2000,4,FALSE),"0") -> 1 | Q36: M18-2-1C04 | R36: =IFERROR(VLOOKUP(Q36,'Module Items'!$A$1:$B$2587,2,FALSE),"") -> 61388 | S36: =IFERROR(VLOOKUP(Q36,'Monthly Line Picks'!$A$1:$D$2000,4,FALSE),"0") -> 12 | T36: M18-2-1D01 | U36: =IFERROR(VLOOKUP(T36,'Module Items'!$A$1:$B$2587,2,FALSE),"") -> 79514 | V36: =IFERROR(VLOOKUP(T36,'Monthly Line Picks'!$A$1:$D$2000,4,FALSE),"0") -> 3 | W36: M18-2-1D08 | X36: =IFERROR(VLOOKUP(W36,'Module Items'!$A$1:$B$2587,2,FALSE),"") -> 5431 | Y36: =IFERROR(VLOOKUP(W36,'Monthly Line Picks'!$A$1:$D$2000,4,FALSE),"0") -> 19 | Z36: M18-2-1E07 | AA36: =IFERROR(VLOOKUP(Z36,'Module Items'!$A$1:$B$2587,2,FALSE),"") -> 27863 | AB36: =IFERROR(VLOOKUP(Z36,'Monthly Line Picks'!$A$1:$D$2000,4,FALSE),"0") -> 8 | AC36: =IFERROR(VLOOKUP(AC34,'Monthly Line Picks'!$A$1:$D$2101,4,FALSE),"0") -> 38 | AD36: =IFERROR(VLOOKUP(AD34,'Monthly Line Picks'!$A$1:$D$2101,4,FALSE),"0") -> 0 | AE36: =IFERROR(VLOOKUP(AE34,'Monthly Line Picks'!$A$1:$D$2101,4,FALSE),"0") -> 0 | AF36: =IFERROR(VLOOKUP(AF34,'Monthly Line Picks'!$A$1:$D$2101,4,FALSE),"0") -> 380 | AH36: =IFERROR(VLOOKUP(AH34,'Monthly Line Picks'!$A$1:$D$2101,4,FALSE),"0") -> 404 | AI36: =IFERROR(VLOOKUP(AI34,'Monthly Line Picks'!$A$1:$D$2101,4,FALSE),"0") -> 0 | AJ36: =IFERROR(VLOOKUP(AJ34,'Monthly Line Picks'!$A$1:$D$2101,4,FALSE),"0") -> 0 | AK36: =IFERROR(VLOOKUP(AK34,'Monthly Line Picks'!$A$1:$D$2101,4,FALSE),"0") -> 0 | AL36: =IFERROR(VLOOKUP(AL34,'Monthly Line Picks'!$A$1:$D$2101,4,FALSE),"0") -> 427 | AM36: =IFERROR(VLOOKUP(AM34,'Monthly Line Picks'!$A$1:$D$2101,4,FALSE),"0") -> 89 | AN36: =IFERROR(VLOOKUP(AN34,'Monthly Line Picks'!$A$1:$D$2101,4,FALSE),"0") -> 6 | AO36: =IFERROR(VLOOKUP(AO34,'Monthly Line Picks'!$A$1:$D$2101,4,FALSE),"0") -> 38 | ... BL36: =IFERROR(VLOOKUP(BL34,'Monthly Line Picks'!$A$1:$D$2101,4,FALSE),"0") -> 41 | BM36: M16-2-1A06 | BN36: =IFERROR(VLOOKUP(BM36,'Module Items'!$A$1:$B$2587,2,FALSE),"") -> 62556 | BO36: =IFERROR(VLOOKUP(BM36,'Monthly Line Picks'!$A$1:$D$2000,4,FALSE),"0") -> 0 | BP36: M16-2-1B05 | BQ36: =IFERROR(VLOOKUP(BP36,'Module Items'!$A$1:$B$2587,2,FALSE),"") -> 20100 | BR36: =IFERROR(VLOOKUP(BP36,'Monthly Line Picks'!$A$1:$D$2000,4,FALSE),"0") -> 4 | BS36: M16-2-1C04 | BT36: =IFERROR(VLOOKUP(BS36,'Module Items'!$A$1:$B$2587,2,FALSE),"") -> 101442 | BU36: =IFERROR(VLOOKUP(BS36,'Monthly Line Picks'!$A$1:$D$2000,4,FALSE),"0") -> 18 | BV36: M16-2-1D01 | BW36: =IFERROR(VLOOKUP(BV36,'Module Items'!$A$1:$B$2587,2,FALSE),"") -> 144227 | BX36: =IFERROR(VLOOKUP(BV36,'Monthly Line Picks'!$A$1:$D$2000,4,FALSE),"0") -> 0 | BY36: M16-2-1D08 | BZ36: =IFERROR(VLOOKUP(BY36,'Module Items'!$A$1:$B$2587,2,FALSE),"") -> 85118 | CA36: =IFERROR(VLOOKUP(BY36,'Monthly Line Picks'!$A$1:$D$2000,4,FALSE),"0") -> 3 | CB36: M16-2-1E07 | CC36: =IFERROR(VLOOKUP(CB36,'Module Items'!$A$1:$B$2587,2,FALSE),"") -> 65907 | CD36: =IFERROR(VLOOKUP(CB36,'Monthly Line Picks'!$A$1:$D$2000,4,FALSE),"0") -> 0 | CH36: =IFERROR(VLOOKUP(CH34,'Monthly Line Picks'!$A$1:$D$2101,4,FALSE),"0") -> 0 | CI36: =IFERROR(VLOOKUP(CI34,'Monthly Line Picks'!$A$1:$D$2101,4,FALSE),"0") -> 431 | CJ36: =IFERROR(VLOOKUP(CJ34,'Monthly Line Picks'!$A$1:$D$2101,4,FALSE),"0") -> 0 | CK36: =IFERROR(VLOOKUP(CK34,'Monthly Line Picks'!$A$1:$D$2101,4,FALSE),"0") -> 485 | CL36: =IFERROR(VLOOKUP(CL34,'Monthly Line Picks'!$A$1:$D$2101,4,FALSE),"0") -> 10 | CM36: =IFERROR(VLOOKUP(CM34,'Monthly Line Picks'!$A$1:$D$2101,4,FALSE),"0") -> 267 | CN36: =IFERROR(VLOOKUP(CN34,'Monthly Line Picks'!$A$1:$D$2101,4,FALSE),"0") -> 43 | CO36: =IFERROR(VLOOKUP(CO34,'Monthly Line Picks'!$A$1:$D$2101,4,FALSE),"0") -> 311 | ... DR36: =IFERROR(VLOOKUP(DR34,'Monthly Line Picks'!$A$1:$D$2101,4,FALSE),"0") -> 0 | DT36: =IFERROR(VLOOKUP(DT34,'Monthly Line Picks'!$A$1:$D$1458,4,FALSE),"0") -> 0
K37: M18-2-1A07 | L37: =IFERROR(VLOOKUP(K37,'Module Items'!$A$1:$B$2587,2,FALSE),"") -> 24700 | M37: =IFERROR(VLOOKUP(K37,'Monthly Line Picks'!$A$1:$D$2000,4,FALSE),"0") -> 9 | N37: M18-2-1B06 | O37: =IFERROR(VLOOKUP(N37,'Module Items'!$A$1:$B$2587,2,FALSE),"") -> 117155 | P37: =IFERROR(VLOOKUP(N37,'Monthly Line Picks'!$A$1:$D$2000,4,FALSE),"0") -> 14 | Q37: M18-2-1C05 | R37: =IFERROR(VLOOKUP(Q37,'Module Items'!$A$1:$B$2587,2,FALSE),"") -> 124194 | S37: =IFERROR(VLOOKUP(Q37,'Monthly Line Picks'!$A$1:$D$2000,4,FALSE),"0") -> 0 | T37: M18-2-1D02 | U37: =IFERROR(VLOOKUP(T37,'Module Items'!$A$1:$B$2587,2,FALSE),"") -> 131846 | V37: =IFERROR(VLOOKUP(T37,'Monthly Line Picks'!$A$1:$D$2000,4,FALSE),"0") -> 6 | W37: M18-2-1D09 | X37: =IFERROR(VLOOKUP(W37,'Module Items'!$A$1:$B$2587,2,FALSE),"") -> 101360 | Y37: =IFERROR(VLOOKUP(W37,'Monthly Line Picks'!$A$1:$D$2000,4,FALSE),"0") -> 1 | Z37: M18-2-1E08 | AA37: =IFERROR(VLOOKUP(Z37,'Module Items'!$A$1:$B$2587,2,FALSE),"") -> 100731 | AB37: =IFERROR(VLOOKUP(Z37,'Monthly Line Picks'!$A$1:$D$2000,4,FALSE),"0") -> 14 | AC37: M18-2-2A01 | AD37: M18-2-2A02 | AE37: M18-2-2A03 | AF37: M18-2-2A04 | AH37: M18-2-2A06 | AI37: M18-2-3A01 | AJ37: M18-2-3A02 | AK37: M18-2-3A03 | AL37: M18-2-3A04 | AM37: M18-2-3A05 | AN37: M18-2-3A06 | AO37: M18-2-4A01 | AP37: M18-2-4A02 | AQ37: M18-2-4A03 | AR37: M18-2-4A04 | AS37: M18-2-4A05 | AT37: M18-2-4A06 | AU37: M18-2-5A01 | AV37: M18-2-5A02 | AW37: M18-2-5A03 | AX37: M18-2-5A04 | AY37: M18-2-5A05 | AZ37: M18-2-5A06 | BA37: M18-2-6A01 | BB37: M18-2-6A02 | BC37: M18-2-6A03 | BD37: M18-2-6A04 | BE37: M18-2-6A05 | BF37: M18-2-6A06 | BG37: M18-2-7A01 | BH37: M18-2-7A02 | BI37: M18-2-7A03 | BJ37: M18-2-7A04 | BK37: M18-2-7A05 | BL37: M18-2-7A06 | BM37: M16-2-1A07 | BN37: =IFERROR(VLOOKUP(BM37,'Module Items'!$A$1:$B$2587,2,FALSE),"") -> 118342 | BO37: =IFERROR(VLOOKUP(BM37,'Monthly Line Picks'!$A$1:$D$2000,4,FALSE),"0") -> 0 | BP37: M16-2-1B06 | BQ37: =IFERROR(VLOOKUP(BP37,'Module Items'!$A$1:$B$2587,2,FALSE),"") -> 20675 | BR37: =IFERROR(VLOOKUP(BP37,'Monthly Line Picks'!$A$1:$D$2000,4,FALSE),"0") -> 36 | BS37: M16-2-1C05 | BT37: =IFERROR(VLOOKUP(BS37,'Module Items'!$A$1:$B$2587,2,FALSE),"") -> 113301 | BU37: =IFERROR(VLOOKUP(BS37,'Monthly Line Picks'!$A$1:$D$2000,4,FALSE),"0") -> 19 | BV37: M16-2-1D02 | BW37: =IFERROR(VLOOKUP(BV37,'Module Items'!$A$1:$B$2587,2,FALSE),"") -> 96429 | BX37: =IFERROR(VLOOKUP(BV37,'Monthly Line Picks'!$A$1:$D$2000,4,FALSE),"0") -> 3 | BY37: M16-2-1D09 | BZ37: =IFERROR(VLOOKUP(BY37,'Module Items'!$A$1:$B$2587,2,FALSE),"") -> 58098 | CA37: =IFERROR(VLOOKUP(BY37,'Monthly Line Picks'!$A$1:$D$2000,4,FALSE),"0") -> 0 | CB37: M16-2-1E08 | CC37: =IFERROR(VLOOKUP(CB37,'Module Items'!$A$1:$B$2587,2,FALSE),"") -> 73528 | CD37: =IFERROR(VLOOKUP(CB37,'Monthly Line Picks'!$A$1:$D$2000,4,FALSE),"0") -> 5 | CH37: M16-2-2A04 | CI37: M16-2-2A05 | CJ37: M16-2-2A06 | CK37: M16-2-3A01 | CL37: M16-2-3A02 | CM37: M16-2-3A03 | CN37: M16-2-3A04 | CO37: M16-2-3A05 | CP37: M16-2-3A06 | CQ37: M16-2-4A01 | CR37: M16-2-4A02 | CS37: M16-2-4A03 | CT37: M16-2-4A04 | CU37: M16-2-4A05 | CV37: M16-2-4A06 | CW37: M16-2-5A01 | CX37: M16-2-5A02 | CY37: M16-2-5A03 | CZ37: M16-2-5A04 | DA37: M16-2-5A05 | DB37: M16-2-5A06 | DC37: M16-2-6A01 | DD37: M16-2-6A02 | DE37: M16-2-6A03 | DF37: M16-2-6A04 | DG37: M16-2-6A05 | DH37: M16-2-6A06 | DI37: M16-2-7A01 | DJ37: M16-2-7A02 | DK37: M16-2-7A03 | DL37: M16-2-7A04 | DM37: M16-2-7A05 | DN37: M16-2-7A06 | DO37: M16-2-8A01 | DP37: M16-2-8A02 | DQ37: M16-2-8A03 | DR37: M16-2-8A04 | DT37: M16-2-8A06
K38: M18-2-1A08 | L38: =IFERROR(VLOOKUP(K38,'Module Items'!$A$1:$B$2587,2,FALSE),"") -> 22706 | M38: =IFERROR(VLOOKUP(K38,'Monthly Line Picks'!$A$1:$D$2000,4,FALSE),"0") -> 1 | N38: M18-2-1B07 | O38: =IFERROR(VLOOKUP(N38,'Module Items'!$A$1:$B$2587,2,FALSE),"") -> 71002 | P38: =IFERROR(VLOOKUP(N38,'Monthly Line Picks'!$A$1:$D$2000,4,FALSE),"0") -> 1 | Q38: WALK-IN SHELVES | W38: M18-2-1D10 | X38: =IFERROR(VLOOKUP(W38,'Module Items'!$A$1:$B$2587,2,FALSE),"") -> 62296 | Y38: =IFERROR(VLOOKUP(W38,'Monthly Line Picks'!$A$1:$D$2000,4,FALSE),"0") -> 9 | Z38: M18-2-1E09 | AA38: =IFERROR(VLOOKUP(Z38,'Module Items'!$A$1:$B$2587,2,FALSE),"") -> 2333 | AB38: =IFERROR(VLOOKUP(Z38,'Monthly Line Picks'!$A$1:$D$2000,4,FALSE),"0") -> 3 | AC38: =IFERROR(VLOOKUP(AC37,'Module Items'!$A$1:$B$2587,2,FALSE),"") -> 158197 | AD38: =IFERROR(VLOOKUP(AD37,'Module Items'!$A$1:$B$2587,2,FALSE),"") -> 95299 | AE38: =IFERROR(VLOOKUP(AE37,'Module Items'!$A$1:$B$2587,2,FALSE),"") | AF38: =IFERROR(VLOOKUP(AF37,'Module Items'!$A$1:$B$2587,2,FALSE),"") -> 61393 | AH38: =IFERROR(VLOOKUP(AH37,'Module Items'!$A$1:$B$2587,2,FALSE),"") -> 108957 | AI38: =IFERROR(VLOOKUP(AI37,'Module Items'!$A$1:$B$2587,2,FALSE),"") -> 122 | AJ38: =IFERROR(VLOOKUP(AJ37,'Module Items'!$A$1:$B$2587,2,FALSE),"") -> 91304 | AK38: =IFERROR(VLOOKUP(AK37,'Module Items'!$A$1:$B$2587,2,FALSE),"") -> 129275 | AL38: =IFERROR(VLOOKUP(AL37,'Module Items'!$A$1:$B$2587,2,FALSE),"") -> 101109 | AM38: =IFERROR(VLOOKUP(AM37,'Module Items'!$A$1:$B$2587,2,FALSE),"") -> 127395 | AN38: =IFERROR(VLOOKUP(AN37,'Module Items'!$A$1:$B$2587,2,FALSE),"") -> 143762 | AO38: =IFERROR(VLOOKUP(AO37,'Module Items'!$A$1:$B$2587,2,FALSE),"") -> 110815 | ... BL38: =IFERROR(VLOOKUP(BL37,'Module Items'!$A$1:$B$2587,2,FALSE),"") -> 129749 | BM38: M16-2-1A08 | BN38: =IFERROR(VLOOKUP(BM38,'Module Items'!$A$1:$B$2587,2,FALSE),"") -> 89154 | BO38: =IFERROR(VLOOKUP(BM38,'Monthly Line Picks'!$A$1:$D$2000,4,FALSE),"0") -> 15 | BP38: M16-2-1B07 | BQ38: =IFERROR(VLOOKUP(BP38,'Module Items'!$A$1:$B$2587,2,FALSE),"") -> 31580 | BR38: =IFERROR(VLOOKUP(BP38,'Monthly Line Picks'!$A$1:$D$2000,4,FALSE),"0") -> 3 | BS38: WALK-IN SHELVES | BW38: =IFERROR(VLOOKUP(BV38,'Module Items'!$A$1:$B$2587,2,FALSE),"") | BX38: =IFERROR(VLOOKUP(BV38,'Monthly Line Picks'!$A$1:$D$2101,4,FALSE),"") | BY38: M16-2-1D10 | BZ38: =IFERROR(VLOOKUP(BY38,'Module Items'!$A$1:$B$2587,2,FALSE),"") -> 173411 | CA38: =IFERROR(VLOOKUP(BY38,'Monthly Line Picks'!$A$1:$D$2000,4,FALSE),"0") -> 0 | CB38: M16-2-1E09 | CC38: =IFERROR(VLOOKUP(CB38,'Module Items'!$A$1:$B$2587,2,FALSE),"") -> 35103 | CD38: =IFERROR(VLOOKUP(CB38,'Monthly Line Picks'!$A$1:$D$2000,4,FALSE),"0") -> 5 | CH38: =IFERROR(VLOOKUP(CH37,'Module Items'!$A$1:$B$2587,2,FALSE),"") -> 155746 | CI38: =IFERROR(VLOOKUP(CI37,'Module Items'!$A$1:$B$2587,2,FALSE),"") | CJ38: =IFERROR(VLOOKUP(CJ37,'Module Items'!$A$1:$B$2587,2,FALSE),"") -> 121 | CK38: =IFERROR(VLOOKUP(CK37,'Module Items'!$A$1:$B$2587,2,FALSE),"") -> 108763 | CL38: =IFERROR(VLOOKUP(CL37,'Module Items'!$A$1:$B$2587,2,FALSE),"") -> 113610 | CM38: =IFERROR(VLOOKUP(CM37,'Module Items'!$A$1:$B$2587,2,FALSE),"") -> 132591 | CN38: =IFERROR(VLOOKUP(CN37,'Module Items'!$A$1:$B$2587,2,FALSE),"") -> OPEN | CO38: =IFERROR(VLOOKUP(CO37,'Module Items'!$A$1:$B$2587,2,FALSE),"") -> 30248 | ... DR38: =IFERROR(VLOOKUP(DR37,'Module Items'!$A$1:$B$2587,2,FALSE),"") | DT38: =IFERROR(VLOOKUP(DT37,'Module Items'!$A$1:$B$2587,2,FALSE),"")
K39: M18-2-1A09 | L39: =IFERROR(VLOOKUP(K39,'Module Items'!$A$1:$B$2587,2,FALSE),"") -> 87500 | M39: =IFERROR(VLOOKUP(K39,'Monthly Line Picks'!$A$1:$D$2000,4,FALSE),"0") -> 0 | N39: M18-2-1B08 | O39: =IFERROR(VLOOKUP(N39,'Module Items'!$A$1:$B$2587,2,FALSE),"") -> 37716 | P39: =IFERROR(VLOOKUP(N39,'Monthly Line Picks'!$A$1:$D$2000,4,FALSE),"0") -> 2 | W39: M18-2-1E01 | X39: =IFERROR(VLOOKUP(W39,'Module Items'!$A$1:$B$2587,2,FALSE),"") -> 83977 | Y39: =IFERROR(VLOOKUP(W39,'Monthly Line Picks'!$A$1:$D$2000,4,FALSE),"0") -> 0 | Z39: M18-2-1E10 | AA39: =IFERROR(VLOOKUP(Z39,'Module Items'!$A$1:$B$2587,2,FALSE),"") -> 76783 | AB39: =IFERROR(VLOOKUP(Z39,'Monthly Line Picks'!$A$1:$D$2000,4,FALSE),"0") -> 0 | AC39: =IFERROR(VLOOKUP(AC37,'Monthly Line Picks'!$A$1:$D$2101,4,FALSE),"0") -> 0 | AD39: =IFERROR(VLOOKUP(AD37,'Monthly Line Picks'!$A$1:$D$2101,4,FALSE),"0") -> 49 | AE39: =IFERROR(VLOOKUP(AE37,'Monthly Line Picks'!$A$1:$D$2101,4,FALSE),"0") -> 0 | AF39: =IFERROR(VLOOKUP(AF37,'Monthly Line Picks'!$A$1:$D$2101,4,FALSE),"0") -> 231 | AH39: =IFERROR(VLOOKUP(AH37,'Monthly Line Picks'!$A$1:$D$2101,4,FALSE),"0") -> 30 | AI39: =IFERROR(VLOOKUP(AI37,'Monthly Line Picks'!$A$1:$D$2101,4,FALSE),"0") -> 119 | AJ39: =IFERROR(VLOOKUP(AJ37,'Monthly Line Picks'!$A$1:$D$2101,4,FALSE),"0") -> 71 | AK39: =IFERROR(VLOOKUP(AK37,'Monthly Line Picks'!$A$1:$D$2101,4,FALSE),"0") -> 2 | AL39: =IFERROR(VLOOKUP(AL37,'Monthly Line Picks'!$A$1:$D$2101,4,FALSE),"0") -> 28 | AM39: =IFERROR(VLOOKUP(AM37,'Monthly Line Picks'!$A$1:$D$2101,4,FALSE),"0") -> 311 | AN39: =IFERROR(VLOOKUP(AN37,'Monthly Line Picks'!$A$1:$D$2101,4,FALSE),"0") -> 58 | AO39: =IFERROR(VLOOKUP(AO37,'Monthly Line Picks'!$A$1:$D$2101,4,FALSE),"0") -> 15 | ... BL39: =IFERROR(VLOOKUP(BL37,'Monthly Line Picks'!$A$1:$D$2101,4,FALSE),"0") -> 34 | BM39: M16-2-1A09 | BN39: =IFERROR(VLOOKUP(BM39,'Module Items'!$A$1:$B$2587,2,FALSE),"") -> 82664 | BO39: =IFERROR(VLOOKUP(BM39,'Monthly Line Picks'!$A$1:$D$2000,4,FALSE),"0") -> 25 | BP39: M16-2-1B08 | BQ39: =IFERROR(VLOOKUP(BP39,'Module Items'!$A$1:$B$2587,2,FALSE),"") -> 100293 | BR39: =IFERROR(VLOOKUP(BP39,'Monthly Line Picks'!$A$1:$D$2000,4,FALSE),"0") -> 0 | BW39: =IFERROR(VLOOKUP(BV39,'Module Items'!$A$1:$B$2587,2,FALSE),"") | BX39: =IFERROR(VLOOKUP(BV39,'Monthly Line Picks'!$A$1:$D$2101,4,FALSE),"") | BY39: M16-2-1E01 | BZ39: =IFERROR(VLOOKUP(BY39,'Module Items'!$A$1:$B$2587,2,FALSE),"") -> 73462 | CA39: =IFERROR(VLOOKUP(BY39,'Monthly Line Picks'!$A$1:$D$2000,4,FALSE),"0") -> 5 | CB39: M16-2-1E10 | CC39: =IFERROR(VLOOKUP(CB39,'Module Items'!$A$1:$B$2587,2,FALSE),"") -> 137611 | CD39: =IFERROR(VLOOKUP(CB39,'Monthly Line Picks'!$A$1:$D$2000,4,FALSE),"0") -> 0 | CH39: =IFERROR(VLOOKUP(CH37,'Monthly Line Picks'!$A$1:$D$2101,4,FALSE),"0") -> 106 | CI39: =IFERROR(VLOOKUP(CI37,'Monthly Line Picks'!$A$1:$D$2101,4,FALSE),"0") -> 0 | CJ39: =IFERROR(VLOOKUP(CJ37,'Monthly Line Picks'!$A$1:$D$2101,4,FALSE),"0") -> 185 | CK39: =IFERROR(VLOOKUP(CK37,'Monthly Line Picks'!$A$1:$D$2101,4,FALSE),"0") -> 122 | CL39: =IFERROR(VLOOKUP(CL37,'Monthly Line Picks'!$A$1:$D$2101,4,FALSE),"0") -> 119 | CM39: =IFERROR(VLOOKUP(CM37,'Monthly Line Picks'!$A$1:$D$2101,4,FALSE),"0") -> 3 | CN39: =IFERROR(VLOOKUP(CN37,'Monthly Line Picks'!$A$1:$D$2101,4,FALSE),"0") -> 0 | CO39: =IFERROR(VLOOKUP(CO37,'Monthly Line Picks'!$A$1:$D$2101,4,FALSE),"0") -> 110 | ... DR39: =IFERROR(VLOOKUP(DR37,'Monthly Line Picks'!$A$1:$D$2101,4,FALSE),"0") -> 0 | DT39: =IFERROR(VLOOKUP(DT37,'Monthly Line Picks'!$A$1:$D$1458,4,FALSE),"0") -> 0
K40: ZONE 7 | BA40: ZONE 5
K42: ZONE 8 | BA42: ZONE 6
K43: M17-2-1A01 | L43: =IFERROR(VLOOKUP(K43,'Module Items'!$A$1:$B$2587,2,FALSE),"") -> 9733 | M43: =IFERROR(VLOOKUP(K43,'Monthly Line Picks'!$A$1:$D$2000,4,FALSE),"0") -> 13 | N43: M17-2-1A10 | O43: =IFERROR(VLOOKUP(N43,'Module Items'!$A$1:$B$2587,2,FALSE),"") -> 95530 | P43: =IFERROR(VLOOKUP(N43,'Monthly Line Picks'!$A$1:$D$2000,4,FALSE),"0") -> 0 | Q43: WALK-IN SHELVES | W43: M17-2-1D03 | X43: =IFERROR(VLOOKUP(W43,'Module Items'!$A$1:$B$2587,2,FALSE),"") -> 126154 | Y43: =IFERROR(VLOOKUP(W43,'Monthly Line Picks'!$A$1:$D$2000,4,FALSE),"0") -> 0 | Z43: M17-2-1E02 | AA43: =IFERROR(VLOOKUP(Z43,'Module Items'!$A$1:$B$2587,2,FALSE),"") -> 177477 | AB43: =IFERROR(VLOOKUP(Z43,'Monthly Line Picks'!$A$1:$D$2000,4,FALSE),"0") -> 0 | AC43: =IFERROR(VLOOKUP(AC45,'Monthly Line Picks'!$A$1:$D$2101,4,FALSE),"0") -> 466 | AD43: =IFERROR(VLOOKUP(AD45,'Monthly Line Picks'!$A$1:$D$2101,4,FALSE),"0") -> 37 | AE43: =IFERROR(VLOOKUP(AE45,'Monthly Line Picks'!$A$1:$D$2101,4,FALSE),"0") -> 0 | AF43: =IFERROR(VLOOKUP(AF45,'Monthly Line Picks'!$A$1:$D$2101,4,FALSE),"0") -> 97 | AG43: =IFERROR(VLOOKUP(AG45,'Monthly Line Picks'!$A$1:$D$2101,4,FALSE),"0") -> 0 | AH43: =IFERROR(VLOOKUP(AH45,'Monthly Line Picks'!$A$1:$D$2101,4,FALSE),"0") -> 0 | AI43: =IFERROR(VLOOKUP(AI45,'Monthly Line Picks'!$A$1:$D$2101,4,FALSE),"0") -> 23 | AJ43: =IFERROR(VLOOKUP(AJ45,'Monthly Line Picks'!$A$1:$D$2101,4,FALSE),"0") -> 77 | ... BL43: =IFERROR(VLOOKUP(BL45,'Monthly Line Picks'!$A$1:$D$2101,4,FALSE),"0") -> 0 | BM43: M15-2-1A01 | BN43: =IFERROR(VLOOKUP(BM43,'Module Items'!$A$1:$B$2587,2,FALSE),"") -> 111164 | BO43: =IFERROR(VLOOKUP(BM43,'Monthly Line Picks'!$A$1:$D$2000,4,FALSE),"0") -> 0 | BP43: M15-2-1A10 | BQ43: =IFERROR(VLOOKUP(BP43,'Module Items'!$A$1:$B$2587,2,FALSE),"") -> 31453 | BR43: =IFERROR(VLOOKUP(BP43,'Monthly Line Picks'!$A$1:$D$2000,4,FALSE),"0") -> 23 | BS43: WALK-IN SHELVES | BW43: =IFERROR(VLOOKUP(BV43,'Module Items'!$A$1:$B$2587,2,FALSE),"") | BX43: =IFERROR(VLOOKUP(BV43,'Monthly Line Picks'!$A$1:$D$2101,4,FALSE),"") | BY43: M15-2-1D03 | BZ43: =IFERROR(VLOOKUP(BY43,'Module Items'!$A$1:$B$2587,2,FALSE),"") -> 19671 | CA43: =IFERROR(VLOOKUP(BY43,'Monthly Line Picks'!$A$1:$D$2000,4,FALSE),"0") -> 11 | CB43: M15-2-1E02 | CC43: =IFERROR(VLOOKUP(CB43,'Module Items'!$A$1:$B$2587,2,FALSE),"") -> 101440 | CD43: =IFERROR(VLOOKUP(CB43,'Monthly Line Picks'!$A$1:$D$2000,4,FALSE),"0") -> 26 | CE43: =IFERROR(VLOOKUP(CE45,'Monthly Line Picks'!$A$1:$D$2101,4,FALSE),"0") -> 179 | CF43: =IFERROR(VLOOKUP(CF45,'Monthly Line Picks'!$A$1:$D$2101,4,FALSE),"0") -> 0 | CG43: =IFERROR(VLOOKUP(CG45,'Monthly Line Picks'!$A$1:$D$2101,4,FALSE),"0") -> 0 | CH43: =IFERROR(VLOOKUP(CH45,'Monthly Line Picks'!$A$1:$D$2101,4,FALSE),"0") -> 47 | CI43: =IFERROR(VLOOKUP(CI45,'Monthly Line Picks'!$A$1:$D$2101,4,FALSE),"0") -> 13 | CJ43: =IFERROR(VLOOKUP(CJ45,'Monthly Line Picks'!$A$1:$D$2101,4,FALSE),"0") -> 11 | CK43: =IFERROR(VLOOKUP(CK45,'Monthly Line Picks'!$A$1:$D$2101,4,FALSE),"0") -> 105 | CL43: =IFERROR(VLOOKUP(CL45,'Monthly Line Picks'!$A$1:$D$2101,4,FALSE),"0") -> 72 | ... DT43: =IFERROR(VLOOKUP(DT45,'Monthly Line Picks'!$A$1:$D$2101,4,FALSE),"0") -> 4
K44: M17-2-1A02 | L44: =IFERROR(VLOOKUP(K44,'Module Items'!$A$1:$B$2587,2,FALSE),"") -> 84798 | M44: =IFERROR(VLOOKUP(K44,'Monthly Line Picks'!$A$1:$D$2000,4,FALSE),"0") -> 15 | N44: M17-2-1B01 | O44: =IFERROR(VLOOKUP(N44,'Module Items'!$A$1:$B$2587,2,FALSE),"") -> 325 | P44: =IFERROR(VLOOKUP(N44,'Monthly Line Picks'!$A$1:$D$2000,4,FALSE),"0") -> 24 | W44: M17-2-1D04 | X44: =IFERROR(VLOOKUP(W44,'Module Items'!$A$1:$B$2587,2,FALSE),"") -> 31486 | Y44: =IFERROR(VLOOKUP(W44,'Monthly Line Picks'!$A$1:$D$2000,4,FALSE),"0") -> 5 | Z44: M17-2-1E03 | AA44: =IFERROR(VLOOKUP(Z44,'Module Items'!$A$1:$B$2587,2,FALSE),"") -> 154 | AB44: =IFERROR(VLOOKUP(Z44,'Monthly Line Picks'!$A$1:$D$2000,4,FALSE),"0") -> 22 | AC44: =IFERROR(VLOOKUP(AC45,'Module Items'!$A$1:$B$2587,2,FALSE),"") -> OPEN | AD44: =IFERROR(VLOOKUP(AD45,'Module Items'!$A$1:$B$2587,2,FALSE),"") -> 124671 | AE44: =IFERROR(VLOOKUP(AE45,'Module Items'!$A$1:$B$2587,2,FALSE),"") -> 133848 | AF44: =IFERROR(VLOOKUP(AF45,'Module Items'!$A$1:$B$2587,2,FALSE),"") -> 73225 | AG44: =IFERROR(VLOOKUP(AG45,'Module Items'!$A$1:$B$2587,2,FALSE),"") | AH44: =IFERROR(VLOOKUP(AH45,'Module Items'!$A$1:$B$2587,2,FALSE),"") -> OPEN | AI44: =IFERROR(VLOOKUP(AI45,'Module Items'!$A$1:$B$2587,2,FALSE),"") -> 114054 | AJ44: =IFERROR(VLOOKUP(AJ45,'Module Items'!$A$1:$B$2587,2,FALSE),"") -> 110419 | ... BL44: =IFERROR(VLOOKUP(BL45,'Module Items'!$A$1:$B$2587,2,FALSE),"") | BM44: M15-2-1A02 | BN44: =IFERROR(VLOOKUP(BM44,'Module Items'!$A$1:$B$2587,2,FALSE),"") -> 167202 | BO44: =IFERROR(VLOOKUP(BM44,'Monthly Line Picks'!$A$1:$D$2000,4,FALSE),"0") -> 0 | BP44: M15-2-1B01 | BQ44: =IFERROR(VLOOKUP(BP44,'Module Items'!$A$1:$B$2587,2,FALSE),"") -> 20673 | BR44: =IFERROR(VLOOKUP(BP44,'Monthly Line Picks'!$A$1:$D$2000,4,FALSE),"0") -> 15 | BW44: =IFERROR(VLOOKUP(BV44,'Module Items'!$A$1:$B$2587,2,FALSE),"") | BX44: =IFERROR(VLOOKUP(BV44,'Monthly Line Picks'!$A$1:$D$2101,4,FALSE),"") | BY44: M15-2-1D04 | BZ44: =IFERROR(VLOOKUP(BY44,'Module Items'!$A$1:$B$2587,2,FALSE),"") -> 11118 | CA44: =IFERROR(VLOOKUP(BY44,'Monthly Line Picks'!$A$1:$D$2000,4,FALSE),"0") -> 3 | CB44: M15-2-1E03 | CC44: =IFERROR(VLOOKUP(CB44,'Module Items'!$A$1:$B$2587,2,FALSE),"") -> 109790 | CD44: =IFERROR(VLOOKUP(CB44,'Monthly Line Picks'!$A$1:$D$2000,4,FALSE),"0") -> 0 | CE44: =IFERROR(VLOOKUP(CE45,'Module Items'!$A$1:$B$2587,2,FALSE),"") -> 157621 | CF44: =IFERROR(VLOOKUP(CF45,'Module Items'!$A$1:$B$2587,2,FALSE),"") | CG44: =IFERROR(VLOOKUP(CG45,'Module Items'!$A$1:$B$2587,2,FALSE),"") | CH44: =IFERROR(VLOOKUP(CH45,'Module Items'!$A$1:$B$2587,2,FALSE),"") -> 109189 | CI44: =IFERROR(VLOOKUP(CI45,'Module Items'!$A$1:$B$2587,2,FALSE),"") -> 136384 | CJ44: =IFERROR(VLOOKUP(CJ45,'Module Items'!$A$1:$B$2587,2,FALSE),"") -> 129781 | CK44: =IFERROR(VLOOKUP(CK45,'Module Items'!$A$1:$B$2587,2,FALSE),"") -> 65345 | CL44: =IFERROR(VLOOKUP(CL45,'Module Items'!$A$1:$B$2587,2,FALSE),"") -> 223462 | ... DT44: =IFERROR(VLOOKUP(DT45,'Module Items'!$A$1:$B$2587,2,FALSE),"") -> OPEN
K45: M17-2-1A03 | L45: =IFERROR(VLOOKUP(K45,'Module Items'!$A$1:$B$2587,2,FALSE),"") -> 100733 | M45: =IFERROR(VLOOKUP(K45,'Monthly Line Picks'!$A$1:$D$2000,4,FALSE),"0") -> 12 | N45: M17-2-1B02 | O45: =IFERROR(VLOOKUP(N45,'Module Items'!$A$1:$B$2587,2,FALSE),"") -> 1471 | P45: =IFERROR(VLOOKUP(N45,'Monthly Line Picks'!$A$1:$D$2000,4,FALSE),"0") -> 37 | Q45: M17-2-1B09 | R45: =IFERROR(VLOOKUP(Q45,'Module Items'!$A$1:$B$2587,2,FALSE),"") -> 95801 | S45: =IFERROR(VLOOKUP(Q45,'Monthly Line Picks'!$A$1:$D$2000,4,FALSE),"0") -> 8 | T45: M17-2-1C06 | U45: =IFERROR(VLOOKUP(T45,'Module Items'!$A$1:$B$2587,2,FALSE),"") -> 57380 | V45: =IFERROR(VLOOKUP(T45,'Monthly Line Picks'!$A$1:$D$2000,4,FALSE),"0") -> 2 | W45: M17-2-1D05 | X45: =IFERROR(VLOOKUP(W45,'Module Items'!$A$1:$B$2587,2,FALSE),"") -> 135404 | Y45: =IFERROR(VLOOKUP(W45,'Monthly Line Picks'!$A$1:$D$2000,4,FALSE),"0") -> 0 | Z45: M17-2-1E04 | AA45: =IFERROR(VLOOKUP(Z45,'Module Items'!$A$1:$B$2587,2,FALSE),"") -> 83932 | AB45: =IFERROR(VLOOKUP(Z45,'Monthly Line Picks'!$A$1:$D$2000,4,FALSE),"0") -> 0 | AC45: M17-2-2A01 | AD45: M17-2-2A02 | AE45: M17-2-2A03 | AF45: M17-2-2A04 | AG45: M17-2-2A05 | AH45: M17-2-2A06 | AI45: M17-2-3A01 | AJ45: M17-2-3A02 | AK45: M17-2-3A03 | AL45: M17-2-3A04 | AM45: M17-2-3A05 | AN45: M17-2-3A06 | AO45: M17-2-4A01 | AP45: M17-2-4A02 | AQ45: M17-2-4A03 | AR45: M17-2-4A04 | AS45: M17-2-4A05 | AT45: M17-2-4A06 | AU45: M17-2-5A01 | AV45: M17-2-5A02 | AW45: M17-2-5A03 | AX45: M17-2-5A04 | AY45: M17-2-5A05 | AZ45: M17-2-5A06 | BA45: M17-2-6A01 | BB45: M17-2-6A02 | BC45: M17-2-6A03 | BD45: M17-2-6A04 | BE45: M17-2-6A05 | BF45: M17-2-6A06 | BG45: M17-2-7A01 | BH45: M17-2-7A02 | BI45: M17-2-7A03 | BJ45: M17-2-7A04 | BK45: M17-2-7A05 | BL45: M17-2-7A06 | BM45: M15-2-1A03 | BN45: =IFERROR(VLOOKUP(BM45,'Module Items'!$A$1:$B$2587,2,FALSE),"") -> 132867 | BO45: =IFERROR(VLOOKUP(BM45,'Monthly Line Picks'!$A$1:$D$2000,4,FALSE),"0") -> 18 | BP45: M15-2-1B02 | BQ45: =IFERROR(VLOOKUP(BP45,'Module Items'!$A$1:$B$2587,2,FALSE),"") -> 115008 | BR45: =IFERROR(VLOOKUP(BP45,'Monthly Line Picks'!$A$1:$D$2000,4,FALSE),"0") -> 2 | BS45: M15-2-1B09 | BT45: =IFERROR(VLOOKUP(BS45,'Module Items'!$A$1:$B$2587,2,FALSE),"") -> 177073 | BU45: =IFERROR(VLOOKUP(BS45,'Monthly Line Picks'!$A$1:$D$2000,4,FALSE),"0") -> 1 | BV45: M15-2-1C06 | BW45: =IFERROR(VLOOKUP(BV45,'Module Items'!$A$1:$B$2587,2,FALSE),"") -> 95216 | BX45: =IFERROR(VLOOKUP(BV45,'Monthly Line Picks'!$A$1:$D$2000,4,FALSE),"0") -> 7 | BY45: M15-2-1D05 | BZ45: =IFERROR(VLOOKUP(BY45,'Module Items'!$A$1:$B$2587,2,FALSE),"") -> 78475 | CA45: =IFERROR(VLOOKUP(BY45,'Monthly Line Picks'!$A$1:$D$2000,4,FALSE),"0") -> 0 | CB45: M15-2-1E04 | CC45: =IFERROR(VLOOKUP(CB45,'Module Items'!$A$1:$B$2587,2,FALSE),"") -> 9339 | CD45: =IFERROR(VLOOKUP(CB45,'Monthly Line Picks'!$A$1:$D$2000,4,FALSE),"0") -> 0 | CE45: M16-2-2A01 | CF45: M16-2-2A02 | CG45: M16-2-2A03 | CH45: M15-2-2A04 | CI45: M15-2-2A05 | CJ45: M15-2-2A06 | CK45: M15-2-3A01 | CL45: M15-2-3A02 | CM45: M15-2-3A03 | CN45: M15-2-3A04 | CO45: M15-2-3A05 | CP45: M15-2-3A06 | CQ45: M15-2-4A01 | CR45: M15-2-4A02 | CS45: M15-2-4A03 | CT45: M15-2-4A04 | CU45: M15-2-4A05 | CV45: M15-2-4A06 | CW45: M15-2-5A01 | CX45: M15-2-5A02 | CY45: M15-2-5A03 | CZ45: M15-2-5A04 | DA45: M15-2-5A05 | DB45: M15-2-5A06 | DC45: M15-2-6A01 | DD45: M15-2-6A02 | DE45: M15-2-6A03 | DF45: M15-2-6A04 | DG45: M15-2-6A05 | DH45: M15-2-6A06 | DI45: M15-2-7A01 | DJ45: M15-2-7A02 | DK45: M15-2-7A03 | DL45: M15-2-7A04 | DM45: M15-2-7A05 | DN45: M15-2-7A06 | DO45: M15-2-8A01 | DP45: M15-2-8A02 | DQ45: M15-2-8A03 | DR45: M15-2-8A04 | DS45: M15-2-8A05 | DT45: M15-2-8A06
K46: M17-2-1A04 | L46: =IFERROR(VLOOKUP(K46,'Module Items'!$A$1:$B$2587,2,FALSE),"") -> 72322 | M46: =IFERROR(VLOOKUP(K46,'Monthly Line Picks'!$A$1:$D$2000,4,FALSE),"0") -> 10 | N46: M17-2-1B03 | O46: =IFERROR(VLOOKUP(N46,'Module Items'!$A$1:$B$2587,2,FALSE),"") -> 477 | P46: =IFERROR(VLOOKUP(N46,'Monthly Line Picks'!$A$1:$D$2000,4,FALSE),"0") -> 13 | Q46: M17-2-1B10 | R46: =IFERROR(VLOOKUP(Q46,'Module Items'!$A$1:$B$2587,2,FALSE),"") -> 727 | S46: =IFERROR(VLOOKUP(Q46,'Monthly Line Picks'!$A$1:$D$2000,4,FALSE),"0") -> 1 | T46: M17-2-1C07 | U46: =IFERROR(VLOOKUP(T46,'Module Items'!$A$1:$B$2587,2,FALSE),"") -> 116903 | V46: =IFERROR(VLOOKUP(T46,'Monthly Line Picks'!$A$1:$D$2000,4,FALSE),"0") -> 24 | W46: M17-2-1D06 | X46: =IFERROR(VLOOKUP(W46,'Module Items'!$A$1:$B$2587,2,FALSE),"") -> 114613 | Y46: =IFERROR(VLOOKUP(W46,'Monthly Line Picks'!$A$1:$D$2000,4,FALSE),"0") -> 9 | Z46: M17-2-1E05 | AA46: =IFERROR(VLOOKUP(Z46,'Module Items'!$A$1:$B$2587,2,FALSE),"") -> 59026 | AB46: =IFERROR(VLOOKUP(Z46,'Monthly Line Picks'!$A$1:$D$2000,4,FALSE),"0") -> 0 | AC46: =IFERROR(VLOOKUP(AC48,'Monthly Line Picks'!$A$1:$D$2101,4,FALSE),"0") -> 0 | AD46: =IFERROR(VLOOKUP(AD48,'Monthly Line Picks'!$A$1:$D$2101,4,FALSE),"0") -> 0 | AE46: =IFERROR(VLOOKUP(AE48,'Monthly Line Picks'!$A$1:$D$2101,4,FALSE),"0") -> 0 | AF46: =IFERROR(VLOOKUP(AF48,'Monthly Line Picks'!$A$1:$D$2101,4,FALSE),"0") -> 45 | AG46: =IFERROR(VLOOKUP(AG48,'Monthly Line Picks'!$A$1:$D$2101,4,FALSE),"0") -> 0 | AH46: =IFERROR(VLOOKUP(AH48,'Monthly Line Picks'!$A$1:$D$2101,4,FALSE),"0") -> 0 | AI46: =IFERROR(VLOOKUP(AI48,'Monthly Line Picks'!$A$1:$D$2101,4,FALSE),"0") -> 0 | AJ46: =IFERROR(VLOOKUP(AJ48,'Monthly Line Picks'!$A$1:$D$2101,4,FALSE),"0") -> 0 | ... BL46: =IFERROR(VLOOKUP(BL48,'Monthly Line Picks'!$A$1:$D$2101,4,FALSE),"0") -> 31 | BM46: M15-2-1A04 | BN46: =IFERROR(VLOOKUP(BM46,'Module Items'!$A$1:$B$2587,2,FALSE),"") -> 30695 | BO46: =IFERROR(VLOOKUP(BM46,'Monthly Line Picks'!$A$1:$D$2000,4,FALSE),"0") -> 44 | BP46: M15-2-1B03 | BQ46: =IFERROR(VLOOKUP(BP46,'Module Items'!$A$1:$B$2587,2,FALSE),"") -> 126040 | BR46: =IFERROR(VLOOKUP(BP46,'Monthly Line Picks'!$A$1:$D$2000,4,FALSE),"0") -> 26 | BS46: M15-2-1B10 | BT46: =IFERROR(VLOOKUP(BS46,'Module Items'!$A$1:$B$2587,2,FALSE),"") -> 33833 | BU46: =IFERROR(VLOOKUP(BS46,'Monthly Line Picks'!$A$1:$D$2000,4,FALSE),"0") -> 4 | BV46: M15-2-1C07 | BW46: =IFERROR(VLOOKUP(BV46,'Module Items'!$A$1:$B$2587,2,FALSE),"") -> 1974 | BX46: =IFERROR(VLOOKUP(BV46,'Monthly Line Picks'!$A$1:$D$2000,4,FALSE),"0") -> 20 | BY46: M15-2-1D06 | BZ46: =IFERROR(VLOOKUP(BY46,'Module Items'!$A$1:$B$2587,2,FALSE),"") -> 12645 | CA46: =IFERROR(VLOOKUP(BY46,'Monthly Line Picks'!$A$1:$D$2000,4,FALSE),"0") -> 11 | CB46: M15-2-1E05 | CC46: =IFERROR(VLOOKUP(CB46,'Module Items'!$A$1:$B$2587,2,FALSE),"") -> 157092 | CD46: =IFERROR(VLOOKUP(CB46,'Monthly Line Picks'!$A$1:$D$2000,4,FALSE),"0") -> 21 | CE46: =IFERROR(VLOOKUP(CE48,'Monthly Line Picks'!$A$1:$D$2101,4,FALSE),"0") -> 467 | CF46: =IFERROR(VLOOKUP(CF48,'Monthly Line Picks'!$A$1:$D$2101,4,FALSE),"0") -> 7 | CG46: =IFERROR(VLOOKUP(CG48,'Monthly Line Picks'!$A$1:$D$2101,4,FALSE),"0") -> 3 | CH46: =IFERROR(VLOOKUP(CH48,'Monthly Line Picks'!$A$1:$D$2101,4,FALSE),"0") -> 1011 | CI46: =IFERROR(VLOOKUP(CI48,'Monthly Line Picks'!$A$1:$D$2101,4,FALSE),"0") -> 0 | CJ46: =IFERROR(VLOOKUP(CJ48,'Monthly Line Picks'!$A$1:$D$2101,4,FALSE),"0") -> 0 | CK46: =IFERROR(VLOOKUP(CK48,'Monthly Line Picks'!$A$1:$D$2101,4,FALSE),"0") -> 100 | CL46: =IFERROR(VLOOKUP(CL48,'Monthly Line Picks'!$A$1:$D$2101,4,FALSE),"0") -> 0 | ... DT46: =IFERROR(VLOOKUP(DT48,'Monthly Line Picks'!$A$1:$D$2101,4,FALSE),"0") -> 5
K47: M17-2-1A05 | L47: =IFERROR(VLOOKUP(K47,'Module Items'!$A$1:$B$2587,2,FALSE),"") -> 158001 | M47: =IFERROR(VLOOKUP(K47,'Monthly Line Picks'!$A$1:$D$2000,4,FALSE),"0") -> 0 | N47: M17-2-1B04 | O47: =IFERROR(VLOOKUP(N47,'Module Items'!$A$1:$B$2587,2,FALSE),"") -> 82527 | P47: =IFERROR(VLOOKUP(N47,'Monthly Line Picks'!$A$1:$D$2000,4,FALSE),"0") -> 9 | Q47: M17-2-1C01 | R47: =IFERROR(VLOOKUP(Q47,'Module Items'!$A$1:$B$2587,2,FALSE),"") -> 116946 | S47: =IFERROR(VLOOKUP(Q47,'Monthly Line Picks'!$A$1:$D$2000,4,FALSE),"0") -> 2 | T47: M17-2-1C08 | U47: =IFERROR(VLOOKUP(T47,'Module Items'!$A$1:$B$2587,2,FALSE),"") -> 2693 | V47: =IFERROR(VLOOKUP(T47,'Monthly Line Picks'!$A$1:$D$2000,4,FALSE),"0") -> 14 | W47: M17-2-1D07 | X47: =IFERROR(VLOOKUP(W47,'Module Items'!$A$1:$B$2587,2,FALSE),"") -> 85779 | Y47: =IFERROR(VLOOKUP(W47,'Monthly Line Picks'!$A$1:$D$2000,4,FALSE),"0") -> 0 | Z47: M17-2-1E06 | AA47: =IFERROR(VLOOKUP(Z47,'Module Items'!$A$1:$B$2587,2,FALSE),"") -> 117154 | AB47: =IFERROR(VLOOKUP(Z47,'Monthly Line Picks'!$A$1:$D$2000,4,FALSE),"0") -> 9 | AC47: =IFERROR(VLOOKUP(AC48,'Module Items'!$A$1:$B$2587,2,FALSE),"") | AD47: =IFERROR(VLOOKUP(AD48,'Module Items'!$A$1:$B$2587,2,FALSE),"") | AE47: =IFERROR(VLOOKUP(AE48,'Module Items'!$A$1:$B$2587,2,FALSE),"") | AF47: =IFERROR(VLOOKUP(AF48,'Module Items'!$A$1:$B$2587,2,FALSE),"") -> 112550 | AG47: =IFERROR(VLOOKUP(AG48,'Module Items'!$A$1:$B$2587,2,FALSE),"") | AH47: =IFERROR(VLOOKUP(AH48,'Module Items'!$A$1:$B$2587,2,FALSE),"") -> 130175 | AI47: =IFERROR(VLOOKUP(AI48,'Module Items'!$A$1:$B$2587,2,FALSE),"") | AJ47: =IFERROR(VLOOKUP(AJ48,'Module Items'!$A$1:$B$2587,2,FALSE),"") | ... BL47: =IFERROR(VLOOKUP(BL48,'Module Items'!$A$1:$B$2587,2,FALSE),"") -> 97476 | BM47: M15-2-1A05 | BN47: =IFERROR(VLOOKUP(BM47,'Module Items'!$A$1:$B$2587,2,FALSE),"") -> 1723 | BO47: =IFERROR(VLOOKUP(BM47,'Monthly Line Picks'!$A$1:$D$2000,4,FALSE),"0") -> 0 | BP47: M15-2-1B04 | BQ47: =IFERROR(VLOOKUP(BP47,'Module Items'!$A$1:$B$2587,2,FALSE),"") -> 96316 | BR47: =IFERROR(VLOOKUP(BP47,'Monthly Line Picks'!$A$1:$D$2000,4,FALSE),"0") -> 2 | BS47: M15-2-1C01 | BT47: =IFERROR(VLOOKUP(BS47,'Module Items'!$A$1:$B$2587,2,FALSE),"") -> 83919 | BU47: =IFERROR(VLOOKUP(BS47,'Monthly Line Picks'!$A$1:$D$2000,4,FALSE),"0") -> 4 | BV47: M15-2-1C08 | BW47: =IFERROR(VLOOKUP(BV47,'Module Items'!$A$1:$B$2587,2,FALSE),"") -> 18603 | BX47: =IFERROR(VLOOKUP(BV47,'Monthly Line Picks'!$A$1:$D$2000,4,FALSE),"0") -> 9 | BY47: M15-2-1D07 | BZ47: =IFERROR(VLOOKUP(BY47,'Module Items'!$A$1:$B$2587,2,FALSE),"") -> 13576 | CA47: =IFERROR(VLOOKUP(BY47,'Monthly Line Picks'!$A$1:$D$2000,4,FALSE),"0") -> 2 | CB47: M15-2-1E06 | CC47: =IFERROR(VLOOKUP(CB47,'Module Items'!$A$1:$B$2587,2,FALSE),"") -> 93323 | CD47: =IFERROR(VLOOKUP(CB47,'Monthly Line Picks'!$A$1:$D$2000,4,FALSE),"0") -> 0 | CE47: =IFERROR(VLOOKUP(CE48,'Module Items'!$A$1:$B$2587,2,FALSE),"") -> 135743 | CF47: =IFERROR(VLOOKUP(CF48,'Module Items'!$A$1:$B$2587,2,FALSE),"") -> OPEN | CG47: =IFERROR(VLOOKUP(CG48,'Module Items'!$A$1:$B$2587,2,FALSE),"") -> OPEN | CH47: =IFERROR(VLOOKUP(CH48,'Module Items'!$A$1:$B$2587,2,FALSE),"") -> 35148 | CI47: =IFERROR(VLOOKUP(CI48,'Module Items'!$A$1:$B$2587,2,FALSE),"") | CJ47: =IFERROR(VLOOKUP(CJ48,'Module Items'!$A$1:$B$2587,2,FALSE),"") | CK47: =IFERROR(VLOOKUP(CK48,'Module Items'!$A$1:$B$2587,2,FALSE),"") -> 35286 | CL47: =IFERROR(VLOOKUP(CL48,'Module Items'!$A$1:$B$2587,2,FALSE),"") -> OPEN | ... DT47: =IFERROR(VLOOKUP(DT48,'Module Items'!$A$1:$B$2587,2,FALSE),"") -> OPEN
K48: M17-2-1A06 | L48: =IFERROR(VLOOKUP(K48,'Module Items'!$A$1:$B$2587,2,FALSE),"") -> 91366 | M48: =IFERROR(VLOOKUP(K48,'Monthly Line Picks'!$A$1:$D$2000,4,FALSE),"0") -> 4 | N48: M17-2-1B05 | O48: =IFERROR(VLOOKUP(N48,'Module Items'!$A$1:$B$2587,2,FALSE),"") -> 142314 | P48: =IFERROR(VLOOKUP(N48,'Monthly Line Picks'!$A$1:$D$2000,4,FALSE),"0") -> 0 | Q48: M17-2-1C02 | R48: =IFERROR(VLOOKUP(Q48,'Module Items'!$A$1:$B$2587,2,FALSE),"") -> 35402 | S48: =IFERROR(VLOOKUP(Q48,'Monthly Line Picks'!$A$1:$D$2000,4,FALSE),"0") -> 19 | T48: M17-2-1C09 | U48: =IFERROR(VLOOKUP(T48,'Module Items'!$A$1:$B$2587,2,FALSE),"") -> 144225 | V48: =IFERROR(VLOOKUP(T48,'Monthly Line Picks'!$A$1:$D$2000,4,FALSE),"0") -> 30 | W48: M17-2-1D08 | X48: =IFERROR(VLOOKUP(W48,'Module Items'!$A$1:$B$2587,2,FALSE),"") -> 101247 | Y48: =IFERROR(VLOOKUP(W48,'Monthly Line Picks'!$A$1:$D$2000,4,FALSE),"0") -> 3 | Z48: M17-2-1E07 | AA48: =IFERROR(VLOOKUP(Z48,'Module Items'!$A$1:$B$2587,2,FALSE),"") -> 79448 | AB48: =IFERROR(VLOOKUP(Z48,'Monthly Line Picks'!$A$1:$D$2000,4,FALSE),"0") -> 3 | AC48: M17-2-2B01 | AD48: M17-2-2B02 | AE48: M17-2-2B03 | AF48: M17-2-2B04 | AG48: M17-2-2B05 | AH48: M17-2-2B06 | AI48: M17-2-3B01 | AJ48: M17-2-3B02 | AK48: M17-2-3B03 | AL48: M17-2-3B04 | AM48: M17-2-3B05 | AN48: M17-2-3B06 | AO48: M17-2-4B01 | AP48: M17-2-4B02 | AQ48: M17-2-4B03 | AR48: M17-2-4B04 | AS48: M17-2-4B05 | AT48: M17-2-4B06 | AU48: M17-2-5B01 | AV48: M17-2-5B02 | AW48: M17-2-5B03 | AX48: M17-2-5B04 | AY48: M17-2-5B05 | AZ48: M17-2-5B06 | BA48: M17-2-6B01 | BB48: M17-2-6B02 | BC48: M17-2-6B03 | BD48: M17-2-6B04 | BE48: M17-2-6B05 | BF48: M17-2-6B06 | BG48: M17-2-7B01 | BH48: M17-2-7B02 | BI48: M17-2-7B03 | BJ48: M17-2-7B04 | BK48: M17-2-7B05 | BL48: M17-2-7B06 | BM48: M15-2-1A06 | BN48: =IFERROR(VLOOKUP(BM48,'Module Items'!$A$1:$B$2587,2,FALSE),"") -> 35297 | BO48: =IFERROR(VLOOKUP(BM48,'Monthly Line Picks'!$A$1:$D$2000,4,FALSE),"0") -> 16 | BP48: M15-2-1B05 | BQ48: =IFERROR(VLOOKUP(BP48,'Module Items'!$A$1:$B$2587,2,FALSE),"") -> 106382 | BR48: =IFERROR(VLOOKUP(BP48,'Monthly Line Picks'!$A$1:$D$2000,4,FALSE),"0") -> 0 | BS48: M15-2-1C02 | BT48: =IFERROR(VLOOKUP(BS48,'Module Items'!$A$1:$B$2587,2,FALSE),"") -> 118836 | BU48: =IFERROR(VLOOKUP(BS48,'Monthly Line Picks'!$A$1:$D$2000,4,FALSE),"0") -> 8 | BV48: M15-2-1C09 | BW48: =IFERROR(VLOOKUP(BV48,'Module Items'!$A$1:$B$2587,2,FALSE),"") -> 9438 | BX48: =IFERROR(VLOOKUP(BV48,'Monthly Line Picks'!$A$1:$D$2000,4,FALSE),"0") -> 14 | BY48: M15-2-1D08 | BZ48: =IFERROR(VLOOKUP(BY48,'Module Items'!$A$1:$B$2587,2,FALSE),"") -> 9437 | CA48: =IFERROR(VLOOKUP(BY48,'Monthly Line Picks'!$A$1:$D$2000,4,FALSE),"0") -> 7 | CB48: M15-2-1E07 | CC48: =IFERROR(VLOOKUP(CB48,'Module Items'!$A$1:$B$2587,2,FALSE),"") -> 37918 | CD48: =IFERROR(VLOOKUP(CB48,'Monthly Line Picks'!$A$1:$D$2000,4,FALSE),"0") -> 7 | CE48: M16-2-2B01 | CF48: M16-2-2B02 | CG48: M16-2-2B03 | CH48: M15-2-2B04 | CI48: M15-2-2B05 | CJ48: M15-2-2B06 | CK48: M15-2-3B01 | CL48: M15-2-3B02 | CM48: M15-2-3B03 | CN48: M15-2-3B04 | CO48: M15-2-3B05 | CP48: M15-2-3B06 | CQ48: M15-2-4B01 | CR48: M15-2-4B02 | CS48: M15-2-4B03 | CT48: M15-2-4B04 | CU48: M15-2-4B05 | CV48: M15-2-4B06 | CW48: M15-2-5B01 | CX48: M15-2-5B02 | CY48: M15-2-5B03 | CZ48: M15-2-5B04 | DA48: M15-2-5B05 | DB48: M15-2-5B06 | DC48: M15-2-6B01 | DD48: M15-2-6B02 | DE48: M15-2-6B03 | DF48: M15-2-6B04 | DG48: M15-2-6B05 | DH48: M15-2-6B06 | DI48: M15-2-7B01 | DJ48: M15-2-7B02 | DK48: M15-2-7B03 | DL48: M15-2-7B04 | DM48: M15-2-7B05 | DN48: M15-2-7B06 | DO48: M15-2-8B01 | DP48: M15-2-8B02 | DQ48: M15-2-8B03 | DR48: M15-2-8B04 | DS48: M15-2-8B05 | DT48: M15-2-8B06
K49: M17-2-1A07 | L49: =IFERROR(VLOOKUP(K49,'Module Items'!$A$1:$B$2587,2,FALSE),"") -> 112384 | M49: =IFERROR(VLOOKUP(K49,'Monthly Line Picks'!$A$1:$D$2000,4,FALSE),"0") -> 2 | N49: M17-2-1B06 | O49: =IFERROR(VLOOKUP(N49,'Module Items'!$A$1:$B$2587,2,FALSE),"") -> 19489 | P49: =IFERROR(VLOOKUP(N49,'Monthly Line Picks'!$A$1:$D$2000,4,FALSE),"0") -> 7 | Q49: M17-2-1C03 | R49: =IFERROR(VLOOKUP(Q49,'Module Items'!$A$1:$B$2587,2,FALSE),"") -> 98959 | S49: =IFERROR(VLOOKUP(Q49,'Monthly Line Picks'!$A$1:$D$2000,4,FALSE),"0") -> 0 | T49: M17-2-1C10 | U49: =IFERROR(VLOOKUP(T49,'Module Items'!$A$1:$B$2587,2,FALSE),"") -> 60169 | V49: =IFERROR(VLOOKUP(T49,'Monthly Line Picks'!$A$1:$D$2000,4,FALSE),"0") -> 7 | W49: M17-2-1D09 | X49: =IFERROR(VLOOKUP(W49,'Module Items'!$A$1:$B$2587,2,FALSE),"") -> 110043 | Y49: =IFERROR(VLOOKUP(W49,'Monthly Line Picks'!$A$1:$D$2000,4,FALSE),"0") -> 0 | Z49: M17-2-1E08 | AA49: =IFERROR(VLOOKUP(Z49,'Module Items'!$A$1:$B$2587,2,FALSE),"") -> 97854 | AB49: =IFERROR(VLOOKUP(Z49,'Monthly Line Picks'!$A$1:$D$2000,4,FALSE),"0") -> 3 | AC49: =IFERROR(VLOOKUP(AC51,'Monthly Line Picks'!$A$1:$D$2101,4,FALSE),"0") -> 8 | AD49: =IFERROR(VLOOKUP(AD51,'Monthly Line Picks'!$A$1:$D$2101,4,FALSE),"0") -> 89 | AE49: =IFERROR(VLOOKUP(AE51,'Monthly Line Picks'!$A$1:$D$2101,4,FALSE),"0") -> 55 | AF49: =IFERROR(VLOOKUP(AF51,'Monthly Line Picks'!$A$1:$D$2101,4,FALSE),"0") -> 0 | AG49: =IFERROR(VLOOKUP(AG51,'Monthly Line Picks'!$A$1:$D$2101,4,FALSE),"0") -> 0 | AH49: =IFERROR(VLOOKUP(AH51,'Monthly Line Picks'!$A$1:$D$2101,4,FALSE),"0") -> 0 | AI49: =IFERROR(VLOOKUP(AI51,'Monthly Line Picks'!$A$1:$D$2101,4,FALSE),"0") -> 41 | AJ49: =IFERROR(VLOOKUP(AJ51,'Monthly Line Picks'!$A$1:$D$2101,4,FALSE),"0") -> 0 | ... BL49: =IFERROR(VLOOKUP(BL51,'Monthly Line Picks'!$A$1:$D$2101,4,FALSE),"0") -> 36 | BM49: M15-2-1A07 | BN49: =IFERROR(VLOOKUP(BM49,'Module Items'!$A$1:$B$2587,2,FALSE),"") -> 121257 | BO49: =IFERROR(VLOOKUP(BM49,'Monthly Line Picks'!$A$1:$D$2000,4,FALSE),"0") -> 57 | BP49: M15-2-1B06 | BQ49: =IFERROR(VLOOKUP(BP49,'Module Items'!$A$1:$B$2587,2,FALSE),"") -> 1930 | BR49: =IFERROR(VLOOKUP(BP49,'Monthly Line Picks'!$A$1:$D$2000,4,FALSE),"0") -> 0 | BS49: M15-2-1C03 | BT49: =IFERROR(VLOOKUP(BS49,'Module Items'!$A$1:$B$2587,2,FALSE),"") -> 11895 | BU49: =IFERROR(VLOOKUP(BS49,'Monthly Line Picks'!$A$1:$D$2000,4,FALSE),"0") -> 12 | BV49: M15-2-1C10 | BW49: =IFERROR(VLOOKUP(BV49,'Module Items'!$A$1:$B$2587,2,FALSE),"") -> 14426 | BX49: =IFERROR(VLOOKUP(BV49,'Monthly Line Picks'!$A$1:$D$2000,4,FALSE),"0") -> 2 | BY49: M15-2-1D09 | BZ49: =IFERROR(VLOOKUP(BY49,'Module Items'!$A$1:$B$2587,2,FALSE),"") -> 47658 | CA49: =IFERROR(VLOOKUP(BY49,'Monthly Line Picks'!$A$1:$D$2000,4,FALSE),"0") -> 2 | CB49: M15-2-1E08 | CC49: =IFERROR(VLOOKUP(CB49,'Module Items'!$A$1:$B$2587,2,FALSE),"") -> 337 | CD49: =IFERROR(VLOOKUP(CB49,'Monthly Line Picks'!$A$1:$D$2000,4,FALSE),"0") -> 7 | CE49: =IFERROR(VLOOKUP(CE51,'Monthly Line Picks'!$A$1:$D$2101,4,FALSE),"0") -> 4 | CF49: =IFERROR(VLOOKUP(CF51,'Monthly Line Picks'!$A$1:$D$2101,4,FALSE),"0") -> 351 | CG49: =IFERROR(VLOOKUP(CG51,'Monthly Line Picks'!$A$1:$D$2101,4,FALSE),"0") -> 12 | CH49: =IFERROR(VLOOKUP(CH51,'Monthly Line Picks'!$A$1:$D$2101,4,FALSE),"0") -> 22 | CI49: =IFERROR(VLOOKUP(CI51,'Monthly Line Picks'!$A$1:$D$2101,4,FALSE),"0") -> 0 | CJ49: =IFERROR(VLOOKUP(CJ51,'Monthly Line Picks'!$A$1:$D$2101,4,FALSE),"0") -> 1 | CK49: =IFERROR(VLOOKUP(CK51,'Monthly Line Picks'!$A$1:$D$2101,4,FALSE),"0") -> 211 | CL49: =IFERROR(VLOOKUP(CL51,'Monthly Line Picks'!$A$1:$D$2101,4,FALSE),"0") -> 21 | ... DT49: =IFERROR(VLOOKUP(DT51,'Monthly Line Picks'!$A$1:$D$2101,4,FALSE),"0") -> 0
K50: M17-2-1A08 | L50: =IFERROR(VLOOKUP(K50,'Module Items'!$A$1:$B$2587,2,FALSE),"") -> 95575 | M50: =IFERROR(VLOOKUP(K50,'Monthly Line Picks'!$A$1:$D$2000,4,FALSE),"0") -> 1 | N50: M17-2-1B07 | O50: =IFERROR(VLOOKUP(N50,'Module Items'!$A$1:$B$2587,2,FALSE),"") -> 79501 | P50: =IFERROR(VLOOKUP(N50,'Monthly Line Picks'!$A$1:$D$2000,4,FALSE),"0") -> 2 | Q50: M17-2-1C04 | R50: =IFERROR(VLOOKUP(Q50,'Module Items'!$A$1:$B$2587,2,FALSE),"") -> 105900 | S50: =IFERROR(VLOOKUP(Q50,'Monthly Line Picks'!$A$1:$D$2000,4,FALSE),"0") -> 0 | T50: M17-2-1D01 | U50: =IFERROR(VLOOKUP(T50,'Module Items'!$A$1:$B$2587,2,FALSE),"") -> 100959 | V50: =IFERROR(VLOOKUP(T50,'Monthly Line Picks'!$A$1:$D$2000,4,FALSE),"0") -> 0 | W50: M17-2-1D10 | X50: =IFERROR(VLOOKUP(W50,'Module Items'!$A$1:$B$2587,2,FALSE),"") -> 1692 | Y50: =IFERROR(VLOOKUP(W50,'Monthly Line Picks'!$A$1:$D$2000,4,FALSE),"0") -> 2 | Z50: M17-2-1E09 | AA50: =IFERROR(VLOOKUP(Z50,'Module Items'!$A$1:$B$2587,2,FALSE),"") -> 30696 | AB50: =IFERROR(VLOOKUP(Z50,'Monthly Line Picks'!$A$1:$D$2000,4,FALSE),"0") -> 21 | AC50: =IFERROR(VLOOKUP(AC51,'Module Items'!$A$1:$B$2587,2,FALSE),"") -> 156854 | AD50: =IFERROR(VLOOKUP(AD51,'Module Items'!$A$1:$B$2587,2,FALSE),"") -> 436 | AE50: =IFERROR(VLOOKUP(AE51,'Module Items'!$A$1:$B$2587,2,FALSE),"") -> 1397 | AF50: =IFERROR(VLOOKUP(AF51,'Module Items'!$A$1:$B$2587,2,FALSE),"") | AG50: =IFERROR(VLOOKUP(AG51,'Module Items'!$A$1:$B$2587,2,FALSE),"") | AH50: =IFERROR(VLOOKUP(AH51,'Module Items'!$A$1:$B$2587,2,FALSE),"") -> OPEN | AI50: =IFERROR(VLOOKUP(AI51,'Module Items'!$A$1:$B$2587,2,FALSE),"") -> 137009 | AJ50: =IFERROR(VLOOKUP(AJ51,'Module Items'!$A$1:$B$2587,2,FALSE),"") | ... BL50: =IFERROR(VLOOKUP(BL51,'Module Items'!$A$1:$B$2587,2,FALSE),"") -> 85468 | BM50: M15-2-1A08 | BN50: =IFERROR(VLOOKUP(BM50,'Module Items'!$A$1:$B$2587,2,FALSE),"") -> 63167 | BO50: =IFERROR(VLOOKUP(BM50,'Monthly Line Picks'!$A$1:$D$2000,4,FALSE),"0") -> 16 | BP50: M15-2-1B07 | BQ50: =IFERROR(VLOOKUP(BP50,'Module Items'!$A$1:$B$2587,2,FALSE),"") -> 6832 | BR50: =IFERROR(VLOOKUP(BP50,'Monthly Line Picks'!$A$1:$D$2000,4,FALSE),"0") -> 19 | BS50: M15-2-1C04 | BT50: =IFERROR(VLOOKUP(BS50,'Module Items'!$A$1:$B$2587,2,FALSE),"") -> 59362 | BU50: =IFERROR(VLOOKUP(BS50,'Monthly Line Picks'!$A$1:$D$2000,4,FALSE),"0") -> 13 | BV50: M15-2-1D01 | BW50: =IFERROR(VLOOKUP(BV50,'Module Items'!$A$1:$B$2587,2,FALSE),"") -> 13048 | BX50: =IFERROR(VLOOKUP(BV50,'Monthly Line Picks'!$A$1:$D$2000,4,FALSE),"0") -> 24 | BY50: M15-2-1D10 | BZ50: =IFERROR(VLOOKUP(BY50,'Module Items'!$A$1:$B$2587,2,FALSE),"") -> 157513 | CA50: =IFERROR(VLOOKUP(BY50,'Monthly Line Picks'!$A$1:$D$2000,4,FALSE),"0") -> 11 | CB50: M15-2-1E09 | CC50: =IFERROR(VLOOKUP(CB50,'Module Items'!$A$1:$B$2587,2,FALSE),"") -> 7399 | CD50: =IFERROR(VLOOKUP(CB50,'Monthly Line Picks'!$A$1:$D$2000,4,FALSE),"0") -> 0 | CE50: =IFERROR(VLOOKUP(CE51,'Module Items'!$A$1:$B$2587,2,FALSE),"") -> OPEN | CF50: =IFERROR(VLOOKUP(CF51,'Module Items'!$A$1:$B$2587,2,FALSE),"") -> 120003 | CG50: =IFERROR(VLOOKUP(CG51,'Module Items'!$A$1:$B$2587,2,FALSE),"") -> OPEN | CH50: =IFERROR(VLOOKUP(CH51,'Module Items'!$A$1:$B$2587,2,FALSE),"") -> 63150 | CI50: =IFERROR(VLOOKUP(CI51,'Module Items'!$A$1:$B$2587,2,FALSE),"") -> OPEN | CJ50: =IFERROR(VLOOKUP(CJ51,'Module Items'!$A$1:$B$2587,2,FALSE),"") -> 143722 | CK50: =IFERROR(VLOOKUP(CK51,'Module Items'!$A$1:$B$2587,2,FALSE),"") -> 157698 | CL50: =IFERROR(VLOOKUP(CL51,'Module Items'!$A$1:$B$2587,2,FALSE),"") -> 177106 | ... DT50: =IFERROR(VLOOKUP(DT51,'Module Items'!$A$1:$B$2587,2,FALSE),"") -> 142637
K51: M17-2-1A09 | L51: =IFERROR(VLOOKUP(K51,'Module Items'!$A$1:$B$2587,2,FALSE),"") -> 8597 | M51: =IFERROR(VLOOKUP(K51,'Monthly Line Picks'!$A$1:$D$2000,4,FALSE),"0") -> 0 | N51: M17-2-1B08 | O51: =IFERROR(VLOOKUP(N51,'Module Items'!$A$1:$B$2587,2,FALSE),"") -> 14034 | P51: =IFERROR(VLOOKUP(N51,'Monthly Line Picks'!$A$1:$D$2000,4,FALSE),"0") -> 15 | Q51: M17-2-1C05 | R51: =IFERROR(VLOOKUP(Q51,'Module Items'!$A$1:$B$2587,2,FALSE),"") -> 122680 | S51: =IFERROR(VLOOKUP(Q51,'Monthly Line Picks'!$A$1:$D$2000,4,FALSE),"0") -> 0 | T51: M17-2-1D02 | U51: =IFERROR(VLOOKUP(T51,'Module Items'!$A$1:$B$2587,2,FALSE),"") -> 100002 | V51: =IFERROR(VLOOKUP(T51,'Monthly Line Picks'!$A$1:$D$2000,4,FALSE),"0") -> 0 | W51: M17-2-1E01 | X51: =IFERROR(VLOOKUP(W51,'Module Items'!$A$1:$B$2587,2,FALSE),"") -> 79184 | Y51: =IFERROR(VLOOKUP(W51,'Monthly Line Picks'!$A$1:$D$2000,4,FALSE),"0") -> 0 | Z51: M17-2-1E10 | AA51: =IFERROR(VLOOKUP(Z51,'Module Items'!$A$1:$B$2587,2,FALSE),"") -> 2009 | AB51: =IFERROR(VLOOKUP(Z51,'Monthly Line Picks'!$A$1:$D$2000,4,FALSE),"0") -> 5 | AC51: M17-2-2C01 | AD51: M17-2-2C02 | AE51: M17-2-2C03 | AF51: M17-2-2C04 | AG51: M17-2-2C05 | AH51: M17-2-2C06 | AI51: M17-2-3C01 | AJ51: M17-2-3C02 | AK51: M17-2-3C03 | AL51: M17-2-3C04 | AM51: M17-2-3C05 | AN51: M17-2-3C06 | AO51: M17-2-4C01 | AP51: M17-2-4C02 | AQ51: M17-2-4C03 | AR51: M17-2-4C04 | AS51: M17-2-4C05 | AT51: M17-2-4C06 | AU51: M17-2-5C01 | AV51: M17-2-5C02 | AW51: M17-2-5C03 | AX51: M17-2-5C04 | AY51: M17-2-5C05 | AZ51: M17-2-5C06 | BA51: M17-2-6C01 | BB51: M17-2-6C02 | BC51: M17-2-6C03 | BD51: M17-2-6C04 | BE51: M17-2-6C05 | BF51: M17-2-6C06 | BG51: M17-2-7C01 | BH51: M17-2-7C02 | BI51: M17-2-7C03 | BJ51: M17-2-7C04 | BK51: M17-2-7C05 | BL51: M17-2-7C06 | BM51: M15-2-1A09 | BN51: =IFERROR(VLOOKUP(BM51,'Module Items'!$A$1:$B$2587,2,FALSE),"") -> 78505 | BO51: =IFERROR(VLOOKUP(BM51,'Monthly Line Picks'!$A$1:$D$2000,4,FALSE),"0") -> 5 | BP51: M15-2-1B08 | BQ51: =IFERROR(VLOOKUP(BP51,'Module Items'!$A$1:$B$2587,2,FALSE),"") -> 3653 | BR51: =IFERROR(VLOOKUP(BP51,'Monthly Line Picks'!$A$1:$D$2000,4,FALSE),"0") -> 2 | BS51: M15-2-1C05 | BT51: =IFERROR(VLOOKUP(BS51,'Module Items'!$A$1:$B$2587,2,FALSE),"") -> 17489 | BU51: =IFERROR(VLOOKUP(BS51,'Monthly Line Picks'!$A$1:$D$2000,4,FALSE),"0") -> 9 | BV51: M15-2-1D02 | BW51: =IFERROR(VLOOKUP(BV51,'Module Items'!$A$1:$B$2587,2,FALSE),"") -> 92079 | BX51: =IFERROR(VLOOKUP(BV51,'Monthly Line Picks'!$A$1:$D$2000,4,FALSE),"0") -> 5 | BY51: M15-2-1E01 | BZ51: =IFERROR(VLOOKUP(BY51,'Module Items'!$A$1:$B$2587,2,FALSE),"") -> 110040 | CA51: =IFERROR(VLOOKUP(BY51,'Monthly Line Picks'!$A$1:$D$2000,4,FALSE),"0") -> 8 | CB51: M15-2-1E10 | CC51: =IFERROR(VLOOKUP(CB51,'Module Items'!$A$1:$B$2587,2,FALSE),"") -> 82768 | CD51: =IFERROR(VLOOKUP(CB51,'Monthly Line Picks'!$A$1:$D$2000,4,FALSE),"0") -> 0 | CE51: M16-2-2C01 | CF51: M16-2-2C02 | CG51: M16-2-2C03 | CH51: M15-2-2C04 | CI51: M15-2-2C05 | CJ51: M15-2-2C06 | CK51: M15-2-3C01 | CL51: M15-2-3C02 | CM51: M15-2-3C03 | CN51: M15-2-3C04 | CO51: M15-2-3C05 | CP51: M15-2-3C06 | CQ51: M15-2-4C01 | CR51: M15-2-4C02 | CS51: M15-2-4C03 | CT51: M15-2-4C04 | CU51: M15-2-4C05 | CV51: M15-2-4C06 | CW51: M15-2-5C01 | CX51: M15-2-5C02 | CY51: M15-2-5C03 | CZ51: M15-2-5C04 | DA51: M15-2-5C05 | DB51: M15-2-5C06 | DC51: M15-2-6C01 | DD51: M15-2-6C02 | DE51: M15-2-6C03 | DF51: M15-2-6C04 | DG51: M15-2-6C05 | DH51: M15-2-6C06 | DI51: M15-2-7C01 | DJ51: M15-2-7C02 | DK51: M15-2-7C03 | DL51: M15-2-7C04 | DM51: M15-2-7C05 | DN51: M15-2-7C06 | DO51: M15-2-8C01 | DP51: M15-2-8C02 | DQ51: M15-2-8C03 | DR51: M15-2-8C04 | DS51: M15-2-8C05 | DT51: M15-2-8C06
K53: Module 1 Pick Counts
L54: Monthly | M54: Daily
K55: Zone 1 | L55: =SUM(K6:T6)+SUM(K9:T9)+SUM(K12:T12)+SUM(V6:AZ6)+SUM(V9:AZ9)+SUM(V12:AZ12) -> 1710 | M55: =ROUNDUP(L55/21,0) -> 82
K56: Zone 2 | L56: =SUM(K16:AZ16)+SUM(K19:AZ19)+SUM(K22:AZ22) -> 3190 | M56: =ROUNDUP(L56/21,0) -> 152
K57: Zone 3 | L57: =SUM(BC4:BC12)+SUM(BF4:BF12)+SUM(BF4:BF12)+SUM(BI4:BI10)+SUM(BL4:BL12)+SUM(BO4:BO12)+SUM(BR4:BR12)+SUM(BY6:DB6)+SUM(BY9:DB9)+SUM(BY12:DB12)+SUM(DE4:DE12)+SUM(DH4:DH12)+SUM(DK4:DK12)+SUM(DN4:DN12)+SUM(DQ4:DQ12)+SUM(DT4:DT12) -> 3201 | M57: =ROUNDUP(L57/21,0) -> 153
K58: Zone 4 | L58: {=SUM(BC16:BC24)+SUM(BF16:BF24)+SUM(BI18:BI24)+SUM(BL16:BL24)+SUM(BO16:BO24)+SUM(BR16:BR24)+SUM(BV16:DB16)+SUM(BV19:DB19)+SUM(BV22:DB22)+SUM(DE16:DE24+SUM(DH16:DH24)+SUM(DK16:DK24)+SUM(DN16:DN24)+SUM(DQ16:DQ24)+SUM(DT16:DT24))} -> 6701 | M58: =ROUNDUP(L58/21,0) -> 320
K59: Zone 5 | L59: =SUM(BO31:BO39)+SUM(BR31:BR39)+SUM(BU31:BU37)+SUM(BX31:BX39)+SUM(CA31:CA39)+SUM(CD31:CD39)+SUM(CH33:DR33)+SUM(DT33)+SUM(DT36)+SUM(DT39)+SUM(CH36:DR36)+SUM(CH39:DR39) -> 5963 | M59: =ROUNDUP(L59/21,0) -> 284
K60: Zone 6 | L60: =SUM(BO43:BO51)+SUM(BR43:BR51)+SUM(BU45:BU51)+SUM(BX43:BX51)+SUM(CA43:CA51)+SUM(CD43:CD51)+SUM(CE43:DT43)+SUM(CE46:DT46)+SUM(CE49:DT49) -> 8225 | M60: =ROUNDUP(L60/21,0) -> 392
K61: Zone 7 | L61: =SUM(M31:M39)+SUM(P31:P39)+SUM(S31:S37)+SUM(V31:V37)+SUM(Y31:Y39)+SUM(AB31:AB39)+SUM(AC33:AF33)+SUM(AC36:AF36)+SUM(AC39:AF39)+SUM(AH33:BL33)+SUM(AH36:BL36)+SUM(AH39:BL39) -> 5791 | M61: =ROUNDUP(L61/21,0) -> 276
K62: Zone 8 | L62: =SUM(M43:M51)+SUM(P43:P51)+SUM(S45:S51)+SUM(V45:V51)+SUM(Y43:Y51)+SUM(AB43:AB51)+SUM(AC43:BL43)+SUM(AC46:BL46)+SUM(AC49:BL49) -> 5143 | M62: =ROUNDUP(L62/21,0) -> 245
L64: =SUM(L55:L62) -> 39924 | M64: =SUM(M55:M62) -> 1904

Sheet Pick Module #2
T1: 1ST FLOOR | AR1: PICK MOD 2 | BV1: 1ST FLOOR
B4: TOTE FARM - 8' BAY | F4: TOTE FARM - 8' BAY | J4: M21-1-6C06 | K4: M21-1-6C05 | L4: M21-1-6C04 | M4: M21-1-6C03 | N4: M21-1-6C02 | O4: M21-1-6C01 | P4: M21-1-5C06 | Q4: M21-1-5C05 | R4: M21-1-5C04 | S4: M21-1-5C03 | T4: COLUMN | U4: M21-1-5C01 | V4: M21-1-4C06 | W4: M21-1-4C05 | X4: M21-1-4C04 | Y4: M21-1-4C03 | Z4: M21-1-4C02 | AA4: M21-1-4C01 | AB4: M21-1-3C06 | AC4: M21-1-3C05 | AD4: M21-1-3C04 | AE4: M21-1-3C03 | AF4: M21-1-3C02 | AG4: M21-1-3C01 | AH4: M21-1-2C06 | AI4: M21-1-2C05 | AJ4: M21-1-2C04 | AK4: M21-1-2C03 | AL4: M21-1-2C02 | AM4: M21-1-2C01 | AN4: M21-1-1C06 | AO4: M21-1-1C05 | AP4: M21-1-1C04 | AQ4: M21-1-1C03 | AR4: M21-1-1C02 | AS4: M21-1-1C01 | AT4: M23-1-9C06 | AU4: M23-1-9C05 | AV4: M23-1-9C04 | AW4: M23-1-9C03 | AX4: M23-1-9C02 | AY4: M23-1-9C01 | AZ4: M23-1-8E10 | BA4: =IFERROR(VLOOKUP(AZ4,'Module Items'!$A$1:$B$2587,2,FALSE),"") -> 14995 | BB4: =IFERROR(VLOOKUP(AZ4,'Monthly Line Picks'!$A$1:$D$2000,4,FALSE),"0") -> 9 | BC4: M23-1-8E09 | BD4: =IFERROR(VLOOKUP(BC4,'Module Items'!$A$1:$B$2587,2,FALSE),"") -> 140962 | BE4: =IFERROR(VLOOKUP(BC4,'Monthly Line Picks'!$A$1:$D$2000,4,FALSE),"0") -> 3 | BF4: M23-1-8E08 | BG4: =IFERROR(VLOOKUP(BF4,'Module Items'!$A$1:$B$2587,2,FALSE),"") -> 13045 | BH4: =IFERROR(VLOOKUP(BF4,'Monthly Line Picks'!$A$1:$D$2000,4,FALSE),"0") -> 4 | BI4: M23-1-8E07 | BJ4: =IFERROR(VLOOKUP(BI4,'Module Items'!$A$1:$B$2587,2,FALSE),"") -> 5695 | BK4: =IFERROR(VLOOKUP(BI4,'Monthly Line Picks'!$A$1:$D$2000,4,FALSE),"0") -> 0 | BL4: M23-1-8E06 | BM4: =IFERROR(VLOOKUP(BL4,'Module Items'!$A$1:$B$2587,2,FALSE),"") -> 140964 | BN4: =IFERROR(VLOOKUP(BL4,'Monthly Line Picks'!$A$1:$D$2000,4,FALSE),"0") -> 1 | BO4: M23-1-8E05 | BP4: =IFERROR(VLOOKUP(BO4,'Module Items'!$A$1:$B$2587,2,FALSE),"") -> 141096 | BQ4: =IFERROR(VLOOKUP(BO4,'Monthly Line Picks'!$A$1:$D$2000,4,FALSE),"0") -> 1 | BR4: COLUMN W/ FIRE EXTINGUISHER | BU4: WALKWAY | BX4: M23-1-6C06 | BY4: M23-1-6C05 | BZ4: M23-1-6C04 | CA4: M23-1-6C03 | CB4: M23-1-6C02 | CC4: M23-1-6C01 | CD4: M23-1-5C06 | CE4: M23-1-5C05 | CF4: M23-1-5C04 | CG4: M23-1-5C03 | CH4: M23-1-5C02 | CI4: M23-1-5C01 | CJ4: M23-1-4C06 | CK4: M23-1-4C05 | CL4: M23-1-4C04 | CM4: M23-1-4C03 | CN4: M23-1-4C02 | CO4: M23-1-4C01 | CP4: M23-1-3C06 | CQ4: M23-1-3C05 | CR4: M23-1-3C04 | CS4: M23-1-3C03 | CT4: M23-1-3C02 | CU4: M23-1-3C01 | CV4: M23-1-2C06 | CW4: M23-1-2C05 | CX4: M23-1-2C04 | CY4: M23-1-2C03 | CZ4: M23-1-2C02 | DA4: M23-1-2C01 | DB4: M23-1-1A01 | DC4: =IFERROR(VLOOKUP(DB4,'Module Items'!$A$1:$B$2587,2,FALSE),"") -> 141032 | DD4: =IFERROR(VLOOKUP(DB4,'Monthly Line Picks'!$A$1:$D$2000,4,FALSE),"0") -> 2 | DE4: M23-1-1A10 | DF4: =IFERROR(VLOOKUP(DE4,'Module Items'!$A$1:$B$2587,2,FALSE),"") -> 127216 | DG4: =IFERROR(VLOOKUP(DE4,'Monthly Line Picks'!$A$1:$D$2000,4,FALSE),"0") -> 4 | DH4: M23-1-1B09 | DI4: =IFERROR(VLOOKUP(DH4,'Module Items'!$A$1:$B$2587,2,FALSE),"") -> 316 | DJ4: =IFERROR(VLOOKUP(DH4,'Monthly Line Picks'!$A$1:$D$2000,4,FALSE),"0") -> 4 | DK4: M23-1-1C06 | DL4: =IFERROR(VLOOKUP(DK4,'Module Items'!$A$1:$B$2587,2,FALSE),"") -> 140917 | DM4: =IFERROR(VLOOKUP(DK4,'Monthly Line Picks'!$A$1:$D$2000,4,FALSE),"0") -> 2 | DN4: M23-1-1D03 | DO4: =IFERROR(VLOOKUP(DN4,'Module Items'!$A$1:$B$2587,2,FALSE),"") -> 141034 | DP4: =IFERROR(VLOOKUP(DN4,'Monthly Line Picks'!$A$1:$D$2000,4,FALSE),"0") -> 5 | DQ4: M23-1-1E02 | DR4: =IFERROR(VLOOKUP(DQ4,'Module Items'!$A$1:$B$2587,2,FALSE),"") -> 140974 | DS4: =IFERROR(VLOOKUP(DQ4,'Monthly Line Picks'!$A$1:$D$2000,4,FALSE),"0") -> 0
J5: =IFERROR(VLOOKUP(J4,'Module Items'!$A$1:$B$2587,2,FALSE),"") -> OPEN | K5: =IFERROR(VLOOKUP(K4,'Module Items'!$A$1:$B$2587,2,FALSE),"") -> OPEN | L5: =IFERROR(VLOOKUP(L4,'Module Items'!$A$1:$B$2587,2,FALSE),"") -> OPEN | M5: =IFERROR(VLOOKUP(M4,'Module Items'!$A$1:$B$2587,2,FALSE),"") | N5: =IFERROR(VLOOKUP(N4,'Module Items'!$A$1:$B$2587,2,FALSE),"") -> 116850 | O5: =IFERROR(VLOOKUP(O4,'Module Items'!$A$1:$B$2587,2,FALSE),"") -> 133989 | P5: =IFERROR(VLOOKUP(P4,'Module Items'!$A$1:$B$2587,2,FALSE),"") -> 9314 | Q5: =IFERROR(VLOOKUP(Q4,'Module Items'!$A$1:$B$2587,2,FALSE),"") -> 31650 | ... S5: =IFERROR(VLOOKUP(S4,'Module Items'!$A$1:$B$2587,2,FALSE),"") -> 115039 | U5: =IFERROR(VLOOKUP(U4,'Module Items'!$A$1:$B$2587,2,FALSE),"") -> 112548 | V5: =IFERROR(VLOOKUP(V4,'Module Items'!$A$1:$B$2587,2,FALSE),"") -> 9621 | W5: =IFERROR(VLOOKUP(W4,'Module Items'!$A$1:$B$2587,2,FALSE),"") | X5: =IFERROR(VLOOKUP(X4,'Module Items'!$A$1:$B$2587,2,FALSE),"") -> 1171 | Y5: =IFERROR(VLOOKUP(Y4,'Module Items'!$A$1:$B$2587,2,FALSE),"") -> 190 | Z5: =IFERROR(VLOOKUP(Z4,'Module Items'!$A$1:$B$2587,2,FALSE),"") -> 18737 | AA5: =IFERROR(VLOOKUP(AA4,'Module Items'!$A$1:$B$2587,2,FALSE),"") -> 129748 | AB5: =IFERROR(VLOOKUP(AB4,'Module Items'!$A$1:$B$2587,2,FALSE),"") -> 118782 | ... AY5: =IFERROR(VLOOKUP(AY4,'Module Items'!$A$1:$B$2587,2,FALSE),"") -> 9720 | AZ5: M23-1-8E04 | BA5: =IFERROR(VLOOKUP(AZ5,'Module Items'!$A$1:$B$2587,2,FALSE),"") -> 84052 | BB5: =IFERROR(VLOOKUP(AZ5,'Monthly Line Picks'!$A$1:$D$2000,4,FALSE),"0") -> 7 | BC5: M23-1-8E03 | BD5: =IFERROR(VLOOKUP(BC5,'Module Items'!$A$1:$B$2587,2,FALSE),"") -> 6130 | BE5: =IFERROR(VLOOKUP(BC5,'Monthly Line Picks'!$A$1:$D$2000,4,FALSE),"0") -> 1 | BF5: M23-1-8E02 | BG5: =IFERROR(VLOOKUP(BF5,'Module Items'!$A$1:$B$2587,2,FALSE),"") -> 140911 | BH5: =IFERROR(VLOOKUP(BF5,'Monthly Line Picks'!$A$1:$D$2000,4,FALSE),"0") -> 0 | BI5: M23-1-8E01 | BJ5: =IFERROR(VLOOKUP(BI5,'Module Items'!$A$1:$B$2587,2,FALSE),"") -> 141078 | BK5: =IFERROR(VLOOKUP(BI5,'Monthly Line Picks'!$A$1:$D$2000,4,FALSE),"0") -> 4 | BL5: M23-1-8D10 | BM5: =IFERROR(VLOOKUP(BL5,'Module Items'!$A$1:$B$2587,2,FALSE),"") -> 141094 | BN5: =IFERROR(VLOOKUP(BL5,'Monthly Line Picks'!$A$1:$D$2000,4,FALSE),"0") -> 3 | BO5: M23-1-8D09 | BP5: =IFERROR(VLOOKUP(BO5,'Module Items'!$A$1:$B$2587,2,FALSE),"") -> 5841 | BQ5: =IFERROR(VLOOKUP(BO5,'Monthly Line Picks'!$A$1:$D$2000,4,FALSE),"0") -> 0 | BX5: =IFERROR(VLOOKUP(BX4,'Module Items'!$A$1:$B$2587,2,FALSE),"") -> OPEN | BY5: =IFERROR(VLOOKUP(BY4,'Module Items'!$A$1:$B$2587,2,FALSE),"") -> 5589 | BZ5: =IFERROR(VLOOKUP(BZ4,'Module Items'!$A$1:$B$2587,2,FALSE),"") -> OPEN | CA5: =IFERROR(VLOOKUP(CA4,'Module Items'!$A$1:$B$2587,2,FALSE),"") -> OPEN | CB5: =IFERROR(VLOOKUP(CB4,'Module Items'!$A$1:$B$2587,2,FALSE),"") | CC5: =IFERROR(VLOOKUP(CC4,'Module Items'!$A$1:$B$2587,2,FALSE),"") -> 96718 | CD5: =IFERROR(VLOOKUP(CD4,'Module Items'!$A$1:$B$2587,2,FALSE),"") -> 42860 | CE5: =IFERROR(VLOOKUP(CE4,'Module Items'!$A$1:$B$2587,2,FALSE),"") -> 67410 | ... DA5: =IFERROR(VLOOKUP(DA4,'Module Items'!$A$1:$B$2587,2,FALSE),"") -> 155881 | DB5: M23-1-1A02 | DC5: =IFERROR(VLOOKUP(DB5,'Module Items'!$A$1:$B$2587,2,FALSE),"") -> 141054 | DD5: =IFERROR(VLOOKUP(DB5,'Monthly Line Picks'!$A$1:$D$2000,4,FALSE),"0") -> 0 | DE5: M23-1-1B01 | DF5: =IFERROR(VLOOKUP(DE5,'Module Items'!$A$1:$B$2587,2,FALSE),"") -> 86238 | DG5: =IFERROR(VLOOKUP(DE5,'Monthly Line Picks'!$A$1:$D$2000,4,FALSE),"0") -> 0 | DH5: M23-1-1B10 | DI5: =IFERROR(VLOOKUP(DH5,'Module Items'!$A$1:$B$2587,2,FALSE),"") -> 141033 | DJ5: =IFERROR(VLOOKUP(DH5,'Monthly Line Picks'!$A$1:$D$2000,4,FALSE),"0") -> 0 | DK5: M23-1-1C07 | DL5: =IFERROR(VLOOKUP(DK5,'Module Items'!$A$1:$B$2587,2,FALSE),"") -> 141045 | DM5: =IFERROR(VLOOKUP(DK5,'Monthly Line Picks'!$A$1:$D$2000,4,FALSE),"0") -> 6 | DN5: M23-1-1D04 | DO5: =IFERROR(VLOOKUP(DN5,'Module Items'!$A$1:$B$2587,2,FALSE),"") -> 15090 | DP5: =IFERROR(VLOOKUP(DN5,'Monthly Line Picks'!$A$1:$D$2000,4,FALSE),"0") -> 4 | DQ5: M23-1-1E03 | DR5: =IFERROR(VLOOKUP(DQ5,'Module Items'!$A$1:$B$2587,2,FALSE),"") -> 141005 | DS5: =IFERROR(VLOOKUP(DQ5,'Monthly Line Picks'!$A$1:$D$2000,4,FALSE),"0") -> 3
J6: =IFERROR(VLOOKUP(J4,'Monthly Line Picks'!$A$1:$D$2101,4,FALSE),"0") -> 0 | K6: =IFERROR(VLOOKUP(K4,'Monthly Line Picks'!$A$1:$D$2101,4,FALSE),"0") -> 0 | L6: =IFERROR(VLOOKUP(L4,'Monthly Line Picks'!$A$1:$D$2101,4,FALSE),"0") -> 0 | M6: =IFERROR(VLOOKUP(M4,'Monthly Line Picks'!$A$1:$D$2101,4,FALSE),"0") -> 0 | N6: =IFERROR(VLOOKUP(N4,'Monthly Line Picks'!$A$1:$D$2101,4,FALSE),"0") -> 24 | O6: =IFERROR(VLOOKUP(O4,'Monthly Line Picks'!$A$1:$D$2101,4,FALSE),"0") -> 68 | P6: =IFERROR(VLOOKUP(P4,'Monthly Line Picks'!$A$1:$D$2101,4,FALSE),"0") -> 96 | Q6: =IFERROR(VLOOKUP(Q4,'Monthly Line Picks'!$A$1:$D$2101,4,FALSE),"0") -> 22 | ... S6: =IFERROR(VLOOKUP(S4,'Monthly Line Picks'!$A$1:$D$2101,4,FALSE),"0") -> 23 | U6: =IFERROR(VLOOKUP(U4,'Monthly Line Picks'!$A$1:$D$2101,4,FALSE),"0") -> 41 | V6: =IFERROR(VLOOKUP(V4,'Monthly Line Picks'!$A$1:$D$2101,4,FALSE),"0") -> 21 | W6: =IFERROR(VLOOKUP(W4,'Monthly Line Picks'!$A$1:$D$2101,4,FALSE),"0") -> 0 | X6: =IFERROR(VLOOKUP(X4,'Monthly Line Picks'!$A$1:$D$2101,4,FALSE),"0") -> 45 | Y6: =IFERROR(VLOOKUP(Y4,'Monthly Line Picks'!$A$1:$D$2101,4,FALSE),"0") -> 8 | Z6: =IFERROR(VLOOKUP(Z4,'Monthly Line Picks'!$A$1:$D$2101,4,FALSE),"0") -> 12 | AA6: =IFERROR(VLOOKUP(AA4,'Monthly Line Picks'!$A$1:$D$2101,4,FALSE),"0") -> 67 | AB6: =IFERROR(VLOOKUP(AB4,'Monthly Line Picks'!$A$1:$D$2101,4,FALSE),"0") -> 175 | ... AY6: =IFERROR(VLOOKUP(AY4,'Monthly Line Picks'!$A$1:$D$2101,4,FALSE),"0") -> 9 | AZ6: M23-1-8D08 | BA6: =IFERROR(VLOOKUP(AZ6,'Module Items'!$A$1:$B$2587,2,FALSE),"") -> 2779 | BB6: =IFERROR(VLOOKUP(AZ6,'Monthly Line Picks'!$A$1:$D$2000,4,FALSE),"0") -> 0 | BC6: M23-1-8D07 | BD6: =IFERROR(VLOOKUP(BC6,'Module Items'!$A$1:$B$2587,2,FALSE),"") -> 140979 | BE6: =IFERROR(VLOOKUP(BC6,'Monthly Line Picks'!$A$1:$D$2000,4,FALSE),"0") -> 3 | BF6: M23-1-8D06 | BG6: =IFERROR(VLOOKUP(BF6,'Module Items'!$A$1:$B$2587,2,FALSE),"") -> 140972 | BH6: =IFERROR(VLOOKUP(BF6,'Monthly Line Picks'!$A$1:$D$2000,4,FALSE),"0") -> 1 | BI6: M23-1-8D05 | BJ6: =IFERROR(VLOOKUP(BI6,'Module Items'!$A$1:$B$2587,2,FALSE),"") -> 52578 | BK6: =IFERROR(VLOOKUP(BI6,'Monthly Line Picks'!$A$1:$D$2000,4,FALSE),"0") -> 0 | BL6: M23-1-8D04 | BM6: =IFERROR(VLOOKUP(BL6,'Module Items'!$A$1:$B$2587,2,FALSE),"") -> 140915 | BN6: =IFERROR(VLOOKUP(BL6,'Monthly Line Picks'!$A$1:$D$2000,4,FALSE),"0") -> 0 | BO6: M23-1-8D03 | BP6: =IFERROR(VLOOKUP(BO6,'Module Items'!$A$1:$B$2587,2,FALSE),"") -> 140939 | BQ6: =IFERROR(VLOOKUP(BO6,'Monthly Line Picks'!$A$1:$D$2000,4,FALSE),"0") -> 8 | BX6: =IFERROR(VLOOKUP(BX4,'Monthly Line Picks'!$A$1:$D$1458,4,FALSE),"0") -> 0 | BY6: =IFERROR(VLOOKUP(BY4,'Monthly Line Picks'!$A$1:$D$1458,4,FALSE),"0") -> 22 | BZ6: =IFERROR(VLOOKUP(BZ4,'Monthly Line Picks'!$A$1:$D$1458,4,FALSE),"0") -> 0 | CA6: =IFERROR(VLOOKUP(CA4,'Monthly Line Picks'!$A$1:$D$1458,4,FALSE),"0") -> 0 | CB6: =IFERROR(VLOOKUP(CB4,'Monthly Line Picks'!$A$1:$D$1458,4,FALSE),"0") -> 0 | CC6: =IFERROR(VLOOKUP(CC4,'Monthly Line Picks'!$A$1:$D$1458,4,FALSE),"0") -> 0 | CD6: =IFERROR(VLOOKUP(CD4,'Monthly Line Picks'!$A$1:$D$1458,4,FALSE),"0") -> 332 | CE6: =IFERROR(VLOOKUP(CE4,'Monthly Line Picks'!$A$1:$D$1458,4,FALSE),"0") -> 0 | ... DA6: =IFERROR(VLOOKUP(DA4,'Monthly Line Picks'!$A$1:$D$1458,4,FALSE),"0") -> 35 | DB6: M23-1-1A03 | DC6: =IFERROR(VLOOKUP(DB6,'Module Items'!$A$1:$B$2587,2,FALSE),"") -> 91818 | DD6: =IFERROR(VLOOKUP(DB6,'Monthly Line Picks'!$A$1:$D$2000,4,FALSE),"0") -> 0 | DE6: M23-1-1B02 | DF6: =IFERROR(VLOOKUP(DE6,'Module Items'!$A$1:$B$2587,2,FALSE),"") -> 141056 | DG6: =IFERROR(VLOOKUP(DE6,'Monthly Line Picks'!$A$1:$D$2000,4,FALSE),"0") -> 3 | DH6: M23-1-1C01 | DI6: =IFERROR(VLOOKUP(DH6,'Module Items'!$A$1:$B$2587,2,FALSE),"") -> 140910 | DJ6: =IFERROR(VLOOKUP(DH6,'Monthly Line Picks'!$A$1:$D$2000,4,FALSE),"0") -> 0 | DK6: M23-1-1C08 | DL6: =IFERROR(VLOOKUP(DK6,'Module Items'!$A$1:$B$2587,2,FALSE),"") -> 20766 | DM6: =IFERROR(VLOOKUP(DK6,'Monthly Line Picks'!$A$1:$D$2000,4,FALSE),"0") -> 6 | DN6: M23-1-1D05 | DO6: =IFERROR(VLOOKUP(DN6,'Module Items'!$A$1:$B$2587,2,FALSE),"") -> 140926 | DP6: =IFERROR(VLOOKUP(DN6,'Monthly Line Picks'!$A$1:$D$2000,4,FALSE),"0") -> 0 | DQ6: M23-1-1E04 | DR6: =IFERROR(VLOOKUP(DQ6,'Module Items'!$A$1:$B$2587,2,FALSE),"") -> 141046 | DS6: =IFERROR(VLOOKUP(DQ6,'Monthly Line Picks'!$A$1:$D$2000,4,FALSE),"0") -> 2
J7: M21-1-6B06 | K7: M21-1-6B05 | L7: M21-1-6B04 | M7: M21-1-6B03 | N7: M21-1-6B02 | O7: M21-1-6B01 | P7: M21-1-5B06 | Q7: M21-1-5B05 | R7: M21-1-5B04 | S7: M21-1-5B03 | U7: M21-1-5B01 | V7: M21-1-4B06 | W7: M21-1-4B05 | X7: M21-1-4B04 | Y7: M21-1-4B03 | Z7: M21-1-4B02 | AA7: M21-1-4B01 | AB7: M21-1-3B06 | AC7: M21-1-3B05 | AD7: M21-1-3B04 | AE7: M21-1-3B03 | AF7: M21-1-3B02 | AG7: M21-1-3B01 | AH7: M21-1-2B06 | AI7: M21-1-2B05 | AJ7: M21-1-2B04 | AK7: M21-1-2B03 | AL7: M21-1-2B02 | AM7: M21-1-2B01 | AN7: M21-1-1B06 | AO7: M21-1-1B05 | AP7: M21-1-1B04 | AQ7: M21-1-1B03 | AR7: M21-1-1B02 | AS7: M21-1-1B01 | AT7: M23-1-9B06 | AU7: M23-1-9B05 | AV7: M23-1-9B04 | AW7: M23-1-9B03 | AX7: M23-1-9B02 | AY7: M23-1-9B01 | AZ7: M23-1-8D02 | BA7: =IFERROR(VLOOKUP(AZ7,'Module Items'!$A$1:$B$2587,2,FALSE),"") -> 95215 | BB7: =IFERROR(VLOOKUP(AZ7,'Monthly Line Picks'!$A$1:$D$2000,4,FALSE),"0") -> 7 | BC7: M23-1-8D01 | BD7: =IFERROR(VLOOKUP(BC7,'Module Items'!$A$1:$B$2587,2,FALSE),"") -> 30233 | BE7: =IFERROR(VLOOKUP(BC7,'Monthly Line Picks'!$A$1:$D$2000,4,FALSE),"0") -> 8 | BF7: M23-1-8C10 | BG7: =IFERROR(VLOOKUP(BF7,'Module Items'!$A$1:$B$2587,2,FALSE),"") -> 127217 | BH7: =IFERROR(VLOOKUP(BF7,'Monthly Line Picks'!$A$1:$D$2000,4,FALSE),"0") -> 6 | BI7: M23-1-8C09 | BJ7: =IFERROR(VLOOKUP(BI7,'Module Items'!$A$1:$B$2587,2,FALSE),"") -> 7294 | BK7: =IFERROR(VLOOKUP(BI7,'Monthly Line Picks'!$A$1:$D$2000,4,FALSE),"0") -> 3 | BL7: M23-1-8C08 | BM7: =IFERROR(VLOOKUP(BL7,'Module Items'!$A$1:$B$2587,2,FALSE),"") -> 114075 | BN7: =IFERROR(VLOOKUP(BL7,'Monthly Line Picks'!$A$1:$D$2000,4,FALSE),"0") -> 12 | BO7: M23-1-8C07 | BP7: =IFERROR(VLOOKUP(BO7,'Module Items'!$A$1:$B$2587,2,FALSE),"") -> 5417 | BQ7: =IFERROR(VLOOKUP(BO7,'Monthly Line Picks'!$A$1:$D$2000,4,FALSE),"0") -> 4 | BX7: M23-1-6B06 | BY7: M23-1-6B05 | BZ7: M23-1-6B04 | CA7: M23-1-6B03 | CB7: M23-1-6B02 | CC7: M23-1-6B01 | CD7: M23-1-5B06 | CE7: M23-1-5B05 | CF7: M23-1-5B04 | CG7: M23-1-5B03 | CH7: M23-1-5B02 | CI7: M23-1-5B01 | CJ7: M23-1-4B06 | CK7: M23-1-4B05 | CL7: M23-1-4B04 | CM7: M23-1-4B03 | CN7: M23-1-4B02 | CO7: M23-1-4B01 | CP7: M23-1-3B06 | CQ7: M23-1-3B05 | CR7: M23-1-3B04 | CS7: M23-1-3B03 | CT7: M23-1-3B02 | CU7: M23-1-3B01 | CV7: M23-1-2B06 | CW7: M23-1-2B05 | CX7: M23-1-2B04 | CY7: M23-1-2B03 | CZ7: M23-1-2B02 | DA7: M23-1-2B01 | DB7: M23-1-1A04 | DC7: =IFERROR(VLOOKUP(DB7,'Module Items'!$A$1:$B$2587,2,FALSE),"") -> 3822 | DD7: =IFERROR(VLOOKUP(DB7,'Monthly Line Picks'!$A$1:$D$2000,4,FALSE),"0") -> 2 | DE7: M23-1-1B03 | DF7: =IFERROR(VLOOKUP(DE7,'Module Items'!$A$1:$B$2587,2,FALSE),"") -> 140952 | DG7: =IFERROR(VLOOKUP(DE7,'Monthly Line Picks'!$A$1:$D$2000,4,FALSE),"0") -> 3 | DH7: M23-1-1C02 | DI7: =IFERROR(VLOOKUP(DH7,'Module Items'!$A$1:$B$2587,2,FALSE),"") -> 141009 | DJ7: =IFERROR(VLOOKUP(DH7,'Monthly Line Picks'!$A$1:$D$2000,4,FALSE),"0") -> 6 | DK7: M23-1-1C09 | DL7: =IFERROR(VLOOKUP(DK7,'Module Items'!$A$1:$B$2587,2,FALSE),"") -> 141119 | DM7: =IFERROR(VLOOKUP(DK7,'Monthly Line Picks'!$A$1:$D$2000,4,FALSE),"0") -> 7 | DN7: M23-1-1D06 | DO7: =IFERROR(VLOOKUP(DN7,'Module Items'!$A$1:$B$2587,2,FALSE),"") -> 140929 | DP7: =IFERROR(VLOOKUP(DN7,'Monthly Line Picks'!$A$1:$D$2000,4,FALSE),"0") -> 3 | DQ7: M23-1-1E05 | DR7: =IFERROR(VLOOKUP(DQ7,'Module Items'!$A$1:$B$2587,2,FALSE),"") -> 141091 | DS7: =IFERROR(VLOOKUP(DQ7,'Monthly Line Picks'!$A$1:$D$2000,4,FALSE),"0") -> 1
J8: =IFERROR(VLOOKUP(J7,'Module Items'!$A$1:$B$2587,2,FALSE),"") -> 124938 | K8: =IFERROR(VLOOKUP(K7,'Module Items'!$A$1:$B$2587,2,FALSE),"") -> OPEN | L8: =IFERROR(VLOOKUP(L7,'Module Items'!$A$1:$B$2587,2,FALSE),"") -> 63778 | M8: =IFERROR(VLOOKUP(M7,'Module Items'!$A$1:$B$2587,2,FALSE),"") -> 106 | N8: =IFERROR(VLOOKUP(N7,'Module Items'!$A$1:$B$2587,2,FALSE),"") -> 473 | O8: =IFERROR(VLOOKUP(O7,'Module Items'!$A$1:$B$2587,2,FALSE),"") -> 25855 | P8: =IFERROR(VLOOKUP(P7,'Module Items'!$A$1:$B$2587,2,FALSE),"") -> 5972 | Q8: =IFERROR(VLOOKUP(Q7,'Module Items'!$A$1:$B$2587,2,FALSE),"") -> 32 | ... S8: =IFERROR(VLOOKUP(S7,'Module Items'!$A$1:$B$2587,2,FALSE),"") -> 33595 | U8: =IFERROR(VLOOKUP(U7,'Module Items'!$A$1:$B$2587,2,FALSE),"") -> 89153 | V8: =IFERROR(VLOOKUP(V7,'Module Items'!$A$1:$B$2587,2,FALSE),"") -> 82391 | W8: =IFERROR(VLOOKUP(W7,'Module Items'!$A$1:$B$2587,2,FALSE),"") -> 35111 | X8: =IFERROR(VLOOKUP(X7,'Module Items'!$A$1:$B$2587,2,FALSE),"") -> 86626 | Y8: =IFERROR(VLOOKUP(Y7,'Module Items'!$A$1:$B$2587,2,FALSE),"") -> 82390 | Z8: =IFERROR(VLOOKUP(Z7,'Module Items'!$A$1:$B$2587,2,FALSE),"") -> 79061 | AA8: =IFERROR(VLOOKUP(AA7,'Module Items'!$A$1:$B$2587,2,FALSE),"") -> 9123 | AB8: =IFERROR(VLOOKUP(AB7,'Module Items'!$A$1:$B$2587,2,FALSE),"") -> 65037 | ... AY8: =IFERROR(VLOOKUP(AY7,'Module Items'!$A$1:$B$2587,2,FALSE),"") -> 132336 | AZ8: M23-1-8C06 | BA8: =IFERROR(VLOOKUP(AZ8,'Module Items'!$A$1:$B$2587,2,FALSE),"") -> 141100 | BB8: =IFERROR(VLOOKUP(AZ8,'Monthly Line Picks'!$A$1:$D$2000,4,FALSE),"0") -> 0 | BC8: M23-1-8C05 | BD8: =IFERROR(VLOOKUP(BC8,'Module Items'!$A$1:$B$2587,2,FALSE),"") -> 141050 | BE8: =IFERROR(VLOOKUP(BC8,'Monthly Line Picks'!$A$1:$D$2000,4,FALSE),"0") -> 0 | BF8: M23-1-8C04 | BG8: =IFERROR(VLOOKUP(BF8,'Module Items'!$A$1:$B$2587,2,FALSE),"") -> 7292 | BH8: =IFERROR(VLOOKUP(BF8,'Monthly Line Picks'!$A$1:$D$2000,4,FALSE),"0") -> 7 | BI8: M23-1-8C03 | BJ8: =IFERROR(VLOOKUP(BI8,'Module Items'!$A$1:$B$2587,2,FALSE),"") -> 140953 | BK8: =IFERROR(VLOOKUP(BI8,'Monthly Line Picks'!$A$1:$D$2000,4,FALSE),"0") -> 3 | BL8: M23-1-8C02 | BM8: =IFERROR(VLOOKUP(BL8,'Module Items'!$A$1:$B$2587,2,FALSE),"") -> 35269 | BN8: =IFERROR(VLOOKUP(BL8,'Monthly Line Picks'!$A$1:$D$2000,4,FALSE),"0") -> 0 | BO8: M23-1-8C01 | BP8: =IFERROR(VLOOKUP(BO8,'Module Items'!$A$1:$B$2587,2,FALSE),"") -> 139885 | BQ8: =IFERROR(VLOOKUP(BO8,'Monthly Line Picks'!$A$1:$D$2000,4,FALSE),"0") -> 0 | BX8: =IFERROR(VLOOKUP(BX7,'Module Items'!$A$1:$B$2587,2,FALSE),"") | BY8: =IFERROR(VLOOKUP(BY7,'Module Items'!$A$1:$B$2587,2,FALSE),"") -> 100660 | BZ8: =IFERROR(VLOOKUP(BZ7,'Module Items'!$A$1:$B$2587,2,FALSE),"") -> 132825 | CA8: =IFERROR(VLOOKUP(CA7,'Module Items'!$A$1:$B$2587,2,FALSE),"") -> 118326 | CB8: =IFERROR(VLOOKUP(CB7,'Module Items'!$A$1:$B$2587,2,FALSE),"") -> 132828 | CC8: =IFERROR(VLOOKUP(CC7,'Module Items'!$A$1:$B$2587,2,FALSE),"") -> OPEN | CD8: =IFERROR(VLOOKUP(CD7,'Module Items'!$A$1:$B$2587,2,FALSE),"") -> OPEN | CE8: =IFERROR(VLOOKUP(CE7,'Module Items'!$A$1:$B$2587,2,FALSE),"") -> 93376 | ... DA8: =IFERROR(VLOOKUP(DA7,'Module Items'!$A$1:$B$2587,2,FALSE),"") -> 104816 | DB8: M23-1-1A05 | DC8: =IFERROR(VLOOKUP(DB8,'Module Items'!$A$1:$B$2587,2,FALSE),"") -> 140925 | DD8: =IFERROR(VLOOKUP(DB8,'Monthly Line Picks'!$A$1:$D$2000,4,FALSE),"0") -> 2 | DE8: M23-1-1B04 | DF8: =IFERROR(VLOOKUP(DE8,'Module Items'!$A$1:$B$2587,2,FALSE),"") -> 203739 | DG8: =IFERROR(VLOOKUP(DE8,'Monthly Line Picks'!$A$1:$D$2000,4,FALSE),"0") -> 0 | DH8: M23-1-1C03 | DI8: =IFERROR(VLOOKUP(DH8,'Module Items'!$A$1:$B$2587,2,FALSE),"") -> 141095 | DJ8: =IFERROR(VLOOKUP(DH8,'Monthly Line Picks'!$A$1:$D$2000,4,FALSE),"0") -> 4 | DK8: M23-1-1C10 | DL8: =IFERROR(VLOOKUP(DK8,'Module Items'!$A$1:$B$2587,2,FALSE),"") -> 141022 | DM8: =IFERROR(VLOOKUP(DK8,'Monthly Line Picks'!$A$1:$D$2000,4,FALSE),"0") -> 3 | DN8: M23-1-1D07 | DO8: =IFERROR(VLOOKUP(DN8,'Module Items'!$A$1:$B$2587,2,FALSE),"") -> 141101 | DP8: =IFERROR(VLOOKUP(DN8,'Monthly Line Picks'!$A$1:$D$2000,4,FALSE),"0") -> 0 | DQ8: M23-1-1E06 | DR8: =IFERROR(VLOOKUP(DQ8,'Module Items'!$A$1:$B$2587,2,FALSE),"") -> 127215 | DS8: =IFERROR(VLOOKUP(DQ8,'Monthly Line Picks'!$A$1:$D$2000,4,FALSE),"0") -> 1
J9: =IFERROR(VLOOKUP(J7,'Monthly Line Picks'!$A$1:$D$2101,4,FALSE),"0") -> 82 | K9: =IFERROR(VLOOKUP(K7,'Monthly Line Picks'!$A$1:$D$2101,4,FALSE),"0") -> 0 | L9: =IFERROR(VLOOKUP(L7,'Monthly Line Picks'!$A$1:$D$2101,4,FALSE),"0") -> 206 | M9: =IFERROR(VLOOKUP(M7,'Monthly Line Picks'!$A$1:$D$2101,4,FALSE),"0") -> 170 | N9: =IFERROR(VLOOKUP(N7,'Monthly Line Picks'!$A$1:$D$2101,4,FALSE),"0") -> 60 | O9: =IFERROR(VLOOKUP(O7,'Monthly Line Picks'!$A$1:$D$2101,4,FALSE),"0") -> 0 | P9: =IFERROR(VLOOKUP(P7,'Monthly Line Picks'!$A$1:$D$2101,4,FALSE),"0") -> 2 | Q9: =IFERROR(VLOOKUP(Q7,'Monthly Line Picks'!$A$1:$D$2101,4,FALSE),"0") -> 87 | ... S9: =IFERROR(VLOOKUP(S7,'Monthly Line Picks'!$A$1:$D$2101,4,FALSE),"0") -> 20 | U9: =IFERROR(VLOOKUP(U7,'Monthly Line Picks'!$A$1:$D$2101,4,FALSE),"0") -> 29 | V9: =IFERROR(VLOOKUP(V7,'Monthly Line Picks'!$A$1:$D$2101,4,FALSE),"0") -> 45 | W9: =IFERROR(VLOOKUP(W7,'Monthly Line Picks'!$A$1:$D$2101,4,FALSE),"0") -> 103 | X9: =IFERROR(VLOOKUP(X7,'Monthly Line Picks'!$A$1:$D$2101,4,FALSE),"0") -> 0 | Y9: =IFERROR(VLOOKUP(Y7,'Monthly Line Picks'!$A$1:$D$2101,4,FALSE),"0") -> 58 | Z9: =IFERROR(VLOOKUP(Z7,'Monthly Line Picks'!$A$1:$D$2101,4,FALSE),"0") -> 98 | AA9: =IFERROR(VLOOKUP(AA7,'Monthly Line Picks'!$A$1:$D$2101,4,FALSE),"0") -> 5 | AB9: =IFERROR(VLOOKUP(AB7,'Monthly Line Picks'!$A$1:$D$2101,4,FALSE),"0") -> 53 | ... AY9: =IFERROR(VLOOKUP(AY7,'Monthly Line Picks'!$A$1:$D$2101,4,FALSE),"0") -> 0 | AZ9: M23-1-8B10 | BA9: =IFERROR(VLOOKUP(AZ9,'Module Items'!$A$1:$B$2587,2,FALSE),"") -> 178281 | BB9: =IFERROR(VLOOKUP(AZ9,'Monthly Line Picks'!$A$1:$D$2000,4,FALSE),"0") -> 0 | BC9: M23-1-8B09 | BD9: =IFERROR(VLOOKUP(BC9,'Module Items'!$A$1:$B$2587,2,FALSE),"") -> 133445 | BE9: =IFERROR(VLOOKUP(BC9,'Monthly Line Picks'!$A$1:$D$2000,4,FALSE),"0") -> 0 | BF9: M23-1-8B08 | BG9: =IFERROR(VLOOKUP(BF9,'Module Items'!$A$1:$B$2587,2,FALSE),"") -> 81885 | BH9: =IFERROR(VLOOKUP(BF9,'Monthly Line Picks'!$A$1:$D$2000,4,FALSE),"0") -> 0 | BI9: M23-1-8B07 | BJ9: =IFERROR(VLOOKUP(BI9,'Module Items'!$A$1:$B$2587,2,FALSE),"") -> 177133 | BK9: =IFERROR(VLOOKUP(BI9,'Monthly Line Picks'!$A$1:$D$2000,4,FALSE),"0") -> 0 | BL9: M23-1-8B06 | BM9: =IFERROR(VLOOKUP(BL9,'Module Items'!$A$1:$B$2587,2,FALSE),"") -> 1589 | BN9: =IFERROR(VLOOKUP(BL9,'Monthly Line Picks'!$A$1:$D$2000,4,FALSE),"0") -> 0 | BO9: M23-1-8B05 | BP9: =IFERROR(VLOOKUP(BO9,'Module Items'!$A$1:$B$2587,2,FALSE),"") -> 133870 | BQ9: =IFERROR(VLOOKUP(BO9,'Monthly Line Picks'!$A$1:$D$2000,4,FALSE),"0") -> 0 | BX9: =IFERROR(VLOOKUP(BX7,'Monthly Line Picks'!$A$1:$D$1458,4,FALSE),"0") -> 0 | BY9: =IFERROR(VLOOKUP(BY7,'Monthly Line Picks'!$A$1:$D$1458,4,FALSE),"0") -> 7 | BZ9: =IFERROR(VLOOKUP(BZ7,'Monthly Line Picks'!$A$1:$D$1458,4,FALSE),"0") -> 18 | CA9: =IFERROR(VLOOKUP(CA7,'Monthly Line Picks'!$A$1:$D$1458,4,FALSE),"0") -> 19 | CB9: =IFERROR(VLOOKUP(CB7,'Monthly Line Picks'!$A$1:$D$1458,4,FALSE),"0") -> 25 | CC9: =IFERROR(VLOOKUP(CC7,'Monthly Line Picks'!$A$1:$D$1458,4,FALSE),"0") -> 0 | CD9: =IFERROR(VLOOKUP(CD7,'Monthly Line Picks'!$A$1:$D$1458,4,FALSE),"0") -> 0 | CE9: =IFERROR(VLOOKUP(CE7,'Monthly Line Picks'!$A$1:$D$1458,4,FALSE),"0") -> 0 | ... DA9: =IFERROR(VLOOKUP(DA7,'Monthly Line Picks'!$A$1:$D$1458,4,FALSE),"0") -> 0 | DB9: M23-1-1A06 | DC9: =IFERROR(VLOOKUP(DB9,'Module Items'!$A$1:$B$2587,2,FALSE),"") -> 141079 | DD9: =IFERROR(VLOOKUP(DB9,'Monthly Line Picks'!$A$1:$D$2000,4,FALSE),"0") -> 1 | DE9: M23-1-1B05 | DF9: =IFERROR(VLOOKUP(DE9,'Module Items'!$A$1:$B$2587,2,FALSE),"") -> 141090 | DG9: =IFERROR(VLOOKUP(DE9,'Monthly Line Picks'!$A$1:$D$2000,4,FALSE),"0") -> 2 | DH9: M23-1-1C04 | DI9: =IFERROR(VLOOKUP(DH9,'Module Items'!$A$1:$B$2587,2,FALSE),"") -> 141089 | DJ9: =IFERROR(VLOOKUP(DH9,'Monthly Line Picks'!$A$1:$D$2000,4,FALSE),"0") -> 0 | DK9: M23-1-1D01 | DL9: =IFERROR(VLOOKUP(DK9,'Module Items'!$A$1:$B$2587,2,FALSE),"") -> 7288 | DM9: =IFERROR(VLOOKUP(DK9,'Monthly Line Picks'!$A$1:$D$2000,4,FALSE),"0") -> 1 | DN9: M23-1-1D08 | DO9: =IFERROR(VLOOKUP(DN9,'Module Items'!$A$1:$B$2587,2,FALSE),"") -> 14297 | DP9: =IFERROR(VLOOKUP(DN9,'Monthly Line Picks'!$A$1:$D$2000,4,FALSE),"0") -> 1 | DQ9: M23-1-1E07 | DR9: =IFERROR(VLOOKUP(DQ9,'Module Items'!$A$1:$B$2587,2,FALSE),"") -> 62127 | DS9: =IFERROR(VLOOKUP(DQ9,'Monthly Line Picks'!$A$1:$D$2000,4,FALSE),"0") -> 0
J10: M21-1-6A06 | K10: M21-1-6A05 | L10: M21-1-6A04 | M10: M21-1-6A03 | N10: M21-1-6A02 | O10: M21-1-6A01 | P10: M21-1-5A06 | Q10: M21-1-5A05 | R10: M21-1-5A04 | S10: M21-1-5A03 | U10: =IFERROR(VLOOKUP(U9,'Module Items'!$A$1:$B$2587,2,FALSE),"") | V10: M21-1-4A06 | W10: M21-1-4A05 | X10: M21-1-4A04 | Y10: M21-1-4A03 | Z10: M21-1-4A02 | AA10: M21-1-4A01 | AB10: M21-1-3A06 | AC10: M21-1-3A05 | AD10: M21-1-3A04 | AE10: M21-1-3A03 | AF10: M21-1-3A02 | AG10: M21-1-3A01 | AH10: M21-1-2A06 | AI10: M21-1-2A05 | AJ10: M21-1-2A04 | AK10: M21-1-2A03 | AL10: M21-1-2A02 | AM10: M21-1-2A01 | AN10: M21-1-1A06 | AO10: M21-1-1A05 | AP10: M21-1-1A04 | AQ10: M21-1-1A03 | AR10: M21-1-1A02 | AS10: M21-1-1A01 | AT10: M23-1-9A06 | AU10: M23-1-9A05 | AV10: M23-1-9A04 | AW10: M23-1-9A03 | AX10: M23-1-9A02 | AY10: M23-1-9A01 | AZ10: M23-1-8B04 | BA10: =IFERROR(VLOOKUP(AZ10,'Module Items'!$A$1:$B$2587,2,FALSE),"") | BB10: =IFERROR(VLOOKUP(AZ10,'Monthly Line Picks'!$A$1:$D$2000,4,FALSE),"0") -> 0 | BC10: M23-1-8B03 | BD10: =IFERROR(VLOOKUP(BC10,'Module Items'!$A$1:$B$2587,2,FALSE),"") -> 348 | BE10: =IFERROR(VLOOKUP(BC10,'Monthly Line Picks'!$A$1:$D$2000,4,FALSE),"0") -> 1 | BF10: M23-1-8B02 | BG10: =IFERROR(VLOOKUP(BF10,'Module Items'!$A$1:$B$2587,2,FALSE),"") -> 7295 | BH10: =IFERROR(VLOOKUP(BF10,'Monthly Line Picks'!$A$1:$D$2000,4,FALSE),"0") -> 1 | BI10: M23-1-8B01 | BJ10: =IFERROR(VLOOKUP(BI10,'Module Items'!$A$1:$B$2587,2,FALSE),"") -> 123544 | BK10: =IFERROR(VLOOKUP(BI10,'Monthly Line Picks'!$A$1:$D$2000,4,FALSE),"0") -> 4 | BL10: M23-1-8A10 | BM10: =IFERROR(VLOOKUP(BL10,'Module Items'!$A$1:$B$2587,2,FALSE),"") -> 118908 | BN10: =IFERROR(VLOOKUP(BL10,'Monthly Line Picks'!$A$1:$D$2000,4,FALSE),"0") -> 0 | BO10: M23-1-8A09 | BP10: =IFERROR(VLOOKUP(BO10,'Module Items'!$A$1:$B$2587,2,FALSE),"") -> 20246 | BQ10: =IFERROR(VLOOKUP(BO10,'Monthly Line Picks'!$A$1:$D$2000,4,FALSE),"0") -> 1 | BX10: M23-1-6A06 | BY10: M23-1-6A05 | BZ10: M23-1-6A04 | CA10: M23-1-6A03 | CB10: M23-1-6A02 | CC10: M23-1-6A01 | CD10: M23-1-5A06 | CE10: M23-1-5A05 | CF10: M23-1-5A04 | CG10: M23-1-5A03 | CH10: M23-1-5A02 | CI10: M23-1-5A01 | CJ10: M23-1-4A06 | CK10: M23-1-4A05 | CL10: M23-1-4A04 | CM10: M23-1-4A03 | CN10: M23-1-4A02 | CO10: M23-1-4A01 | CP10: M23-1-3A06 | CQ10: M23-1-3A05 | CR10: M23-1-3A04 | CS10: M23-1-3A03 | CT10: M23-1-3A02 | CU10: M23-1-3A01 | CV10: M23-1-2A06 | CW10: M23-1-2A05 | CX10: M23-1-2A04 | CY10: M23-1-2A03 | CZ10: M23-1-2A02 | DA10: M23-1-2A01 | DB10: M23-1-1A07 | DC10: =IFERROR(VLOOKUP(DB10,'Module Items'!$A$1:$B$2587,2,FALSE),"") -> 160119 | DD10: =IFERROR(VLOOKUP(DB10,'Monthly Line Picks'!$A$1:$D$2000,4,FALSE),"0") -> 3 | DE10: M23-1-1B06 | DF10: =IFERROR(VLOOKUP(DE10,'Module Items'!$A$1:$B$2587,2,FALSE),"") -> 140999 | DG10: =IFERROR(VLOOKUP(DE10,'Monthly Line Picks'!$A$1:$D$2000,4,FALSE),"0") -> 0 | DH10: M23-1-1C05 | DI10: =IFERROR(VLOOKUP(DH10,'Module Items'!$A$1:$B$2587,2,FALSE),"") -> 141008 | DJ10: =IFERROR(VLOOKUP(DH10,'Monthly Line Picks'!$A$1:$D$2000,4,FALSE),"0") -> 4 | DK10: M23-1-1D02 | DL10: =IFERROR(VLOOKUP(DK10,'Module Items'!$A$1:$B$2587,2,FALSE),"") -> 141012 | DM10: =IFERROR(VLOOKUP(DK10,'Monthly Line Picks'!$A$1:$D$2000,4,FALSE),"0") -> 1 | DN10: M23-1-1D09 | DO10: =IFERROR(VLOOKUP(DN10,'Module Items'!$A$1:$B$2587,2,FALSE),"") -> 177270 | DP10: =IFERROR(VLOOKUP(DN10,'Monthly Line Picks'!$A$1:$D$2000,4,FALSE),"0") -> 2 | DQ10: M23-1-1E08 | DR10: =IFERROR(VLOOKUP(DQ10,'Module Items'!$A$1:$B$2587,2,FALSE),"") -> 140913 | DS10: =IFERROR(VLOOKUP(DQ10,'Monthly Line Picks'!$A$1:$D$2000,4,FALSE),"0") -> 1
J11: =IFERROR(VLOOKUP(J10,'Module Items'!$A$1:$B$2587,2,FALSE),"") -> OPEN | K11: =IFERROR(VLOOKUP(K10,'Module Items'!$A$1:$B$2587,2,FALSE),"") -> 370 | L11: =IFERROR(VLOOKUP(L10,'Module Items'!$A$1:$B$2587,2,FALSE),"") -> 62450 | M11: =IFERROR(VLOOKUP(M10,'Module Items'!$A$1:$B$2587,2,FALSE),"") -> 178118 | N11: =IFERROR(VLOOKUP(N10,'Module Items'!$A$1:$B$2587,2,FALSE),"") -> 159900 | O11: =IFERROR(VLOOKUP(O10,'Module Items'!$A$1:$B$2587,2,FALSE),"") -> 115041 | P11: =IFERROR(VLOOKUP(P10,'Module Items'!$A$1:$B$2587,2,FALSE),"") -> 35073 | Q11: =IFERROR(VLOOKUP(Q10,'Module Items'!$A$1:$B$2587,2,FALSE),"") -> 21218 | ... S11: =IFERROR(VLOOKUP(S10,'Module Items'!$A$1:$B$2587,2,FALSE),"") -> 13916 | U11: =IFERROR(VLOOKUP(U10,'Module Items'!$A$1:$B$2587,2,FALSE),"") | V11: =IFERROR(VLOOKUP(V10,'Module Items'!$A$1:$B$2587,2,FALSE),"") -> OPEN | W11: =IFERROR(VLOOKUP(W10,'Module Items'!$A$1:$B$2587,2,FALSE),"") -> OPEN | X11: =IFERROR(VLOOKUP(X10,'Module Items'!$A$1:$B$2587,2,FALSE),"") -> 160072 | Y11: =IFERROR(VLOOKUP(Y10,'Module Items'!$A$1:$B$2587,2,FALSE),"") -> 133833 | Z11: =IFERROR(VLOOKUP(Z10,'Module Items'!$A$1:$B$2587,2,FALSE),"") | AA11: =IFERROR(VLOOKUP(AA10,'Module Items'!$A$1:$B$2587,2,FALSE),"") -> 176122 | AB11: =IFERROR(VLOOKUP(AB10,'Module Items'!$A$1:$B$2587,2,FALSE),"") -> 155883 | ... AY11: =IFERROR(VLOOKUP(AY10,'Module Items'!$A$1:$B$2587,2,FALSE),"") -> 115499 | AZ11: M23-1-8A08 | BA11: =IFERROR(VLOOKUP(AZ11,'Module Items'!$A$1:$B$2587,2,FALSE),"") -> 156193 | BB11: =IFERROR(VLOOKUP(AZ11,'Monthly Line Picks'!$A$1:$D$2000,4,FALSE),"0") -> 2 | BC11: M23-1-8A07 | BD11: =IFERROR(VLOOKUP(BC11,'Module Items'!$A$1:$B$2587,2,FALSE),"") -> 12755 | BE11: =IFERROR(VLOOKUP(BC11,'Monthly Line Picks'!$A$1:$D$2000,4,FALSE),"0") -> 0 | BF11: WALK-IN SHELVES | BL11: M23-1-8A06 | BM11: =IFERROR(VLOOKUP(BL11,'Module Items'!$A$1:$B$2587,2,FALSE),"") -> 121221 | BN11: =IFERROR(VLOOKUP(BL11,'Monthly Line Picks'!$A$1:$D$2000,4,FALSE),"0") -> 2 | BO11: M23-1-8A05 | BP11: =IFERROR(VLOOKUP(BO11,'Module Items'!$A$1:$B$2587,2,FALSE),"") -> 132868 | BQ11: =IFERROR(VLOOKUP(BO11,'Monthly Line Picks'!$A$1:$D$2000,4,FALSE),"0") -> 6 | BX11: =IFERROR(VLOOKUP(BX10,'Module Items'!$A$1:$B$2587,2,FALSE),"") -> 1112 | BY11: =IFERROR(VLOOKUP(BY10,'Module Items'!$A$1:$B$2587,2,FALSE),"") -> 105914 | BZ11: =IFERROR(VLOOKUP(BZ10,'Module Items'!$A$1:$B$2587,2,FALSE),"") -> 138810 | CA11: =IFERROR(VLOOKUP(CA10,'Module Items'!$A$1:$B$2587,2,FALSE),"") -> OPEN | CB11: =IFERROR(VLOOKUP(CB10,'Module Items'!$A$1:$B$2587,2,FALSE),"") -> 108436 | CC11: =IFERROR(VLOOKUP(CC10,'Module Items'!$A$1:$B$2587,2,FALSE),"") -> 138953 | CD11: =IFERROR(VLOOKUP(CD10,'Module Items'!$A$1:$B$2587,2,FALSE),"") -> OPEN | CE11: =IFERROR(VLOOKUP(CE10,'Module Items'!$A$1:$B$2587,2,FALSE),"") -> 58563 | ... DA11: =IFERROR(VLOOKUP(DA10,'Module Items'!$A$1:$B$2587,2,FALSE),"") -> 124931 | DB11: M23-1-1A08 | DC11: =IFERROR(VLOOKUP(DB11,'Module Items'!$A$1:$B$2587,2,FALSE),"") -> 14968 | DD11: =IFERROR(VLOOKUP(DB11,'Monthly Line Picks'!$A$1:$D$2000,4,FALSE),"0") -> 2 | DE11: M23-1-1B07 | DF11: =IFERROR(VLOOKUP(DE11,'Module Items'!$A$1:$B$2587,2,FALSE),"") -> 141065 | DG11: =IFERROR(VLOOKUP(DE11,'Monthly Line Picks'!$A$1:$D$2000,4,FALSE),"0") -> 1 | DH11: WALK-IN SHELVES | DN11: M23-1-1D10 | DO11: =IFERROR(VLOOKUP(DN11,'Module Items'!$A$1:$B$2587,2,FALSE),"") -> 140994 | DP11: =IFERROR(VLOOKUP(DN11,'Monthly Line Picks'!$A$1:$D$2000,4,FALSE),"0") -> 1 | DQ11: M23-1-1E09 | DR11: =IFERROR(VLOOKUP(DQ11,'Module Items'!$A$1:$B$2587,2,FALSE),"") -> 140912 | DS11: =IFERROR(VLOOKUP(DQ11,'Monthly Line Picks'!$A$1:$D$2000,4,FALSE),"0") -> 1
J12: =IFERROR(VLOOKUP(J10,'Monthly Line Picks'!$A$1:$D$2101,4,FALSE),"0") -> 0 | K12: =IFERROR(VLOOKUP(K10,'Monthly Line Picks'!$A$1:$D$2101,4,FALSE),"0") -> 0 | L12: =IFERROR(VLOOKUP(L10,'Monthly Line Picks'!$A$1:$D$2101,4,FALSE),"0") -> 9 | M12: =IFERROR(VLOOKUP(M10,'Monthly Line Picks'!$A$1:$D$2101,4,FALSE),"0") -> 61 | N12: =IFERROR(VLOOKUP(N10,'Monthly Line Picks'!$A$1:$D$2101,4,FALSE),"0") -> 0 | O12: =IFERROR(VLOOKUP(O10,'Monthly Line Picks'!$A$1:$D$2101,4,FALSE),"0") -> 121 | P12: =IFERROR(VLOOKUP(P10,'Monthly Line Picks'!$A$1:$D$2101,4,FALSE),"0") -> 10 | Q12: =IFERROR(VLOOKUP(Q10,'Monthly Line Picks'!$A$1:$D$2101,4,FALSE),"0") -> 121 | ... S12: =IFERROR(VLOOKUP(S10,'Monthly Line Picks'!$A$1:$D$2101,4,FALSE),"0") -> 55 | U12: =IFERROR(VLOOKUP(U10,'Monthly Line Picks'!$A$1:$D$2101,4,FALSE),"0") -> 0 | V12: =IFERROR(VLOOKUP(V10,'Monthly Line Picks'!$A$1:$D$2101,4,FALSE),"0") -> 0 | W12: =IFERROR(VLOOKUP(W10,'Monthly Line Picks'!$A$1:$D$2101,4,FALSE),"0") -> 0 | X12: =IFERROR(VLOOKUP(X10,'Monthly Line Picks'!$A$1:$D$2101,4,FALSE),"0") -> 228 | Y12: =IFERROR(VLOOKUP(Y10,'Monthly Line Picks'!$A$1:$D$2101,4,FALSE),"0") -> 0 | Z12: =IFERROR(VLOOKUP(Z10,'Monthly Line Picks'!$A$1:$D$2101,4,FALSE),"0") -> 0 | AA12: =IFERROR(VLOOKUP(AA10,'Monthly Line Picks'!$A$1:$D$2101,4,FALSE),"0") -> 113 | AB12: =IFERROR(VLOOKUP(AB10,'Monthly Line Picks'!$A$1:$D$2101,4,FALSE),"0") -> 22 | ... AY12: =IFERROR(VLOOKUP(AY10,'Monthly Line Picks'!$A$1:$D$2101,4,FALSE),"0") -> 32 | AZ12: M23-1-8A04 | BA12: =IFERROR(VLOOKUP(AZ12,'Module Items'!$A$1:$B$2587,2,FALSE),"") -> 108840 | BB12: =IFERROR(VLOOKUP(AZ12,'Monthly Line Picks'!$A$1:$D$2000,4,FALSE),"0") -> 5 | BC12: M23-1-8A03 | BD12: =IFERROR(VLOOKUP(BC12,'Module Items'!$A$1:$B$2587,2,FALSE),"") -> 107176 | BE12: =IFERROR(VLOOKUP(BC12,'Monthly Line Picks'!$A$1:$D$2000,4,FALSE),"0") -> 0 | BL12: M23-1-8A02 | BM12: =IFERROR(VLOOKUP(BL12,'Module Items'!$A$1:$B$2587,2,FALSE),"") -> 172025 | BN12: =IFERROR(VLOOKUP(BL12,'Monthly Line Picks'!$A$1:$D$2000,4,FALSE),"0") -> 0 | BO12: M23-1-8A01 | BP12: =IFERROR(VLOOKUP(BO12,'Module Items'!$A$1:$B$2587,2,FALSE),"") -> 141037 | BQ12: =IFERROR(VLOOKUP(BO12,'Monthly Line Picks'!$A$1:$D$2000,4,FALSE),"0") -> 24 | BX12: =IFERROR(VLOOKUP(BX10,'Monthly Line Picks'!$A$1:$D$1458,4,FALSE),"0") -> 6 | BY12: =IFERROR(VLOOKUP(BY10,'Monthly Line Picks'!$A$1:$D$1458,4,FALSE),"0") -> 9 | BZ12: =IFERROR(VLOOKUP(BZ10,'Monthly Line Picks'!$A$1:$D$1458,4,FALSE),"0") -> 3 | CA12: =IFERROR(VLOOKUP(CA10,'Monthly Line Picks'!$A$1:$D$1458,4,FALSE),"0") -> 0 | CB12: =IFERROR(VLOOKUP(CB10,'Monthly Line Picks'!$A$1:$D$1458,4,FALSE),"0") -> 0 | CC12: =IFERROR(VLOOKUP(CC10,'Monthly Line Picks'!$A$1:$D$1458,4,FALSE),"0") -> 6 | CD12: =IFERROR(VLOOKUP(CD10,'Monthly Line Picks'!$A$1:$D$1458,4,FALSE),"0") -> 0 | CE12: =IFERROR(VLOOKUP(CE10,'Monthly Line Picks'!$A$1:$D$1458,4,FALSE),"0") -> 42 | ... DA12: =IFERROR(VLOOKUP(DA10,'Monthly Line Picks'!$A$1:$D$1458,4,FALSE),"0") -> 6 | DB12: M23-1-1A09 | DC12: =IFERROR(VLOOKUP(DB12,'Module Items'!$A$1:$B$2587,2,FALSE),"") -> 5383 | DD12: =IFERROR(VLOOKUP(DB12,'Monthly Line Picks'!$A$1:$D$2000,4,FALSE),"0") -> 1 | DE12: M23-1-1B08 | DF12: =IFERROR(VLOOKUP(DE12,'Module Items'!$A$1:$B$2587,2,FALSE),"") -> 141030 | DG12: =IFERROR(VLOOKUP(DE12,'Monthly Line Picks'!$A$1:$D$2000,4,FALSE),"0") -> 9 | DN12: M23-1-1E01 | DO12: =IFERROR(VLOOKUP(DN12,'Module Items'!$A$1:$B$2587,2,FALSE),"") -> OPEN | DP12: =IFERROR(VLOOKUP(DN12,'Monthly Line Picks'!$A$1:$D$2000,4,FALSE),"0") -> 0 | DQ12: M23-1-1E10 | DR12: =IFERROR(VLOOKUP(DQ12,'Module Items'!$A$1:$B$2587,2,FALSE),"") -> 1002 | DS12: =IFERROR(VLOOKUP(DQ12,'Monthly Line Picks'!$A$1:$D$2000,4,FALSE),"0") -> 1
J13: ZONE 1 | BX13: ZONE 3
J15: ZONE 2 | BR15: WALKWAY | BU15: ZONE 4
B16: TOTE FARM - 8' BAY | J16: =IFERROR(VLOOKUP(J18,'Monthly Line Picks'!$A$1:$D$1458,4,FALSE),"0") -> 0 | K16: =IFERROR(VLOOKUP(K18,'Monthly Line Picks'!$A$1:$D$1458,4,FALSE),"0") -> 18 | L16: =IFERROR(VLOOKUP(L18,'Monthly Line Picks'!$A$1:$D$1458,4,FALSE),"0") -> 29 | M16: =IFERROR(VLOOKUP(M18,'Monthly Line Picks'!$A$1:$D$1458,4,FALSE),"0") -> 0 | N16: =IFERROR(VLOOKUP(N18,'Monthly Line Picks'!$A$1:$D$1458,4,FALSE),"0") -> 21 | O16: =IFERROR(VLOOKUP(O18,'Monthly Line Picks'!$A$1:$D$1458,4,FALSE),"0") -> 10 | P16: =IFERROR(VLOOKUP(P18,'Monthly Line Picks'!$A$1:$D$1458,4,FALSE),"0") -> 6 | Q16: =IFERROR(VLOOKUP(Q18,'Monthly Line Picks'!$A$1:$D$1458,4,FALSE),"0") -> 0 | ... AY16: =IFERROR(VLOOKUP(AY18,'Monthly Line Picks'!$A$1:$D$1458,4,FALSE),"0") -> 0 | AZ16: M24-1-8A01 | BA16: =IFERROR(VLOOKUP(AZ16,'Module Items'!$A$1:$B$2587,2,FALSE),"") -> OPEN | BB16: =IFERROR(VLOOKUP(AZ16,'Monthly Line Picks'!$A$1:$D$2000,4,FALSE),"0") -> 0 | BC16: M24-1-8A10 | BD16: =IFERROR(VLOOKUP(BC16,'Module Items'!$A$1:$B$2587,2,FALSE),"") -> 141080 | BE16: =IFERROR(VLOOKUP(BC16,'Monthly Line Picks'!$A$1:$D$2000,4,FALSE),"0") -> 2 | BF16: WALK-IN SHELVES | BL16: M24-1-8D03 | BM16: =IFERROR(VLOOKUP(BL16,'Module Items'!$A$1:$B$2587,2,FALSE),"") -> 2778 | BN16: =IFERROR(VLOOKUP(BL16,'Monthly Line Picks'!$A$1:$D$2000,4,FALSE),"0") -> 0 | BO16: M24-1-8E02 | BP16: =IFERROR(VLOOKUP(BO16,'Module Items'!$A$1:$B$2587,2,FALSE),"") -> 141055 | BQ16: =IFERROR(VLOOKUP(BO16,'Monthly Line Picks'!$A$1:$D$2000,4,FALSE),"0") -> 3 | BU16: =IFERROR(VLOOKUP(BU18,'Monthly Line Picks'!$A$1:$D$2101,4,FALSE),"0") -> 3 | BV16: =IFERROR(VLOOKUP(BV18,'Monthly Line Picks'!$A$1:$D$2101,4,FALSE),"0") -> 7 | BW16: =IFERROR(VLOOKUP(BW18,'Monthly Line Picks'!$A$1:$D$2101,4,FALSE),"0") -> 0 | BX16: =IFERROR(VLOOKUP(BX18,'Monthly Line Picks'!$A$1:$D$2101,4,FALSE),"0") -> 0 | BY16: =IFERROR(VLOOKUP(BY18,'Monthly Line Picks'!$A$1:$D$2101,4,FALSE),"0") -> 0 | BZ16: =IFERROR(VLOOKUP(BZ18,'Monthly Line Picks'!$A$1:$D$2101,4,FALSE),"0") -> 0 | CA16: =IFERROR(VLOOKUP(CA18,'Monthly Line Picks'!$A$1:$D$2101,4,FALSE),"0") -> 0 | CB16: =IFERROR(VLOOKUP(CB18,'Monthly Line Picks'!$A$1:$D$2101,4,FALSE),"0") -> 102 | ... CZ16: =IFERROR(VLOOKUP(CZ18,'Monthly Line Picks'!$A$1:$D$2101,4,FALSE),"0") -> 6 | DA16: =IFERROR(VLOOKUP(DA18,'Monthly Line Picks'!$A$1:$D$1458,4,FALSE),"0") -> 0 | DB16: M24-1-1A01 | DC16: =IFERROR(VLOOKUP(DB16,'Module Items'!$A$1:$B$2587,2,FALSE),"") -> 8797 | DD16: =IFERROR(VLOOKUP(DB16,'Monthly Line Picks'!$A$1:$D$2000,4,FALSE),"0") -> 0 | DE16: M24-1-1A10 | DF16: =IFERROR(VLOOKUP(DE16,'Module Items'!$A$1:$B$2587,2,FALSE),"") -> 323 | DG16: =IFERROR(VLOOKUP(DE16,'Monthly Line Picks'!$A$1:$D$2000,4,FALSE),"0") -> 26 | DH16: WALK-IN SHELVES | DN16: M24-1-1D03 | DO16: =IFERROR(VLOOKUP(DN16,'Module Items'!$A$1:$B$2587,2,FALSE),"") -> 177057 | DP16: =IFERROR(VLOOKUP(DN16,'Monthly Line Picks'!$A$1:$D$2000,4,FALSE),"0") -> 0 | DQ16: M24-1-1E02 | DR16: =IFERROR(VLOOKUP(DQ16,'Module Items'!$A$1:$B$2587,2,FALSE),"") -> 134162 | DS16: =IFERROR(VLOOKUP(DQ16,'Monthly Line Picks'!$A$1:$D$2000,4,FALSE),"0") -> 1
J17: =IFERROR(VLOOKUP(J18,'Module Items'!$A$1:$B$2587,2,FALSE),"") -> 92938 | K17: =IFERROR(VLOOKUP(K18,'Module Items'!$A$1:$B$2587,2,FALSE),"") -> 138364 | L17: =IFERROR(VLOOKUP(L18,'Module Items'!$A$1:$B$2587,2,FALSE),"") -> 63853 | M17: =IFERROR(VLOOKUP(M18,'Module Items'!$A$1:$B$2587,2,FALSE),"") -> OPEN | N17: =IFERROR(VLOOKUP(N18,'Module Items'!$A$1:$B$2587,2,FALSE),"") -> 112471 | O17: =IFERROR(VLOOKUP(O18,'Module Items'!$A$1:$B$2587,2,FALSE),"") -> 156331 | P17: =IFERROR(VLOOKUP(P18,'Module Items'!$A$1:$B$2587,2,FALSE),"") -> 17406 | Q17: =IFERROR(VLOOKUP(Q18,'Module Items'!$A$1:$B$2587,2,FALSE),"") -> OPEN | ... AY17: =IFERROR(VLOOKUP(AY18,'Module Items'!$A$1:$B$2587,2,FALSE),"") | AZ17: M24-1-8A02 | BA17: =IFERROR(VLOOKUP(AZ17,'Module Items'!$A$1:$B$2587,2,FALSE),"") -> 141081 | BB17: =IFERROR(VLOOKUP(AZ17,'Monthly Line Picks'!$A$1:$D$2000,4,FALSE),"0") -> 6 | BC17: M24-1-8B01 | BD17: =IFERROR(VLOOKUP(BC17,'Module Items'!$A$1:$B$2587,2,FALSE),"") -> 48699 | BE17: =IFERROR(VLOOKUP(BC17,'Monthly Line Picks'!$A$1:$D$2000,4,FALSE),"0") -> 4 | BL17: M24-1-8D04 | BM17: =IFERROR(VLOOKUP(BL17,'Module Items'!$A$1:$B$2587,2,FALSE),"") -> 8001 | BN17: =IFERROR(VLOOKUP(BL17,'Monthly Line Picks'!$A$1:$D$2000,4,FALSE),"0") -> 8 | BO17: M24-1-8E03 | BP17: =IFERROR(VLOOKUP(BO17,'Module Items'!$A$1:$B$2587,2,FALSE),"") -> 14149 | BQ17: =IFERROR(VLOOKUP(BO17,'Monthly Line Picks'!$A$1:$D$2000,4,FALSE),"0") -> 0 | BU17: =IFERROR(VLOOKUP(BU18,'Module Items'!$A$1:$B$2587,2,FALSE),"") -> 100748 | BV17: =IFERROR(VLOOKUP(BV18,'Module Items'!$A$1:$B$2587,2,FALSE),"") -> 28472 | BW17: =IFERROR(VLOOKUP(BW18,'Module Items'!$A$1:$B$2587,2,FALSE),"") -> OPEN | BX17: =IFERROR(VLOOKUP(BX18,'Module Items'!$A$1:$B$2587,2,FALSE),"") | BY17: =IFERROR(VLOOKUP(BY18,'Module Items'!$A$1:$B$2587,2,FALSE),"") | BZ17: =IFERROR(VLOOKUP(BZ18,'Module Items'!$A$1:$B$2587,2,FALSE),"") | CA17: =IFERROR(VLOOKUP(CA18,'Module Items'!$A$1:$B$2587,2,FALSE),"") | CB17: =IFERROR(VLOOKUP(CB18,'Module Items'!$A$1:$B$2587,2,FALSE),"") -> 138922 | ... DA17: =IFERROR(VLOOKUP(DA18,'Module Items'!$A$1:$B$2587,2,FALSE),"") -> OPEN | DB17: M24-1-1A02 | DC17: =IFERROR(VLOOKUP(DB17,'Module Items'!$A$1:$B$2587,2,FALSE),"") -> 135897 | DD17: =IFERROR(VLOOKUP(DB17,'Monthly Line Picks'!$A$1:$D$2000,4,FALSE),"0") -> 0 | DE17: M24-1-1B01 | DF17: =IFERROR(VLOOKUP(DE17,'Module Items'!$A$1:$B$2587,2,FALSE),"") -> 83903 | DG17: =IFERROR(VLOOKUP(DE17,'Monthly Line Picks'!$A$1:$D$2000,4,FALSE),"0") -> 4 | DN17: M24-1-1D04 | DO17: =IFERROR(VLOOKUP(DN17,'Module Items'!$A$1:$B$2587,2,FALSE),"") -> 135156 | DP17: =IFERROR(VLOOKUP(DN17,'Monthly Line Picks'!$A$1:$D$2000,4,FALSE),"0") -> 3 | DQ17: M24-1-1E03 | DR17: =IFERROR(VLOOKUP(DQ17,'Module Items'!$A$1:$B$2587,2,FALSE),"") -> 141110 | DS17: =IFERROR(VLOOKUP(DQ17,'Monthly Line Picks'!$A$1:$D$2000,4,FALSE),"0") -> 1
J18: M22-1-6A06 | K18: M22-1-6A05 | L18: M22-1-6A04 | M18: M22-1-6A03 | N18: M22-1-6A02 | O18: M22-1-6A01 | P18: M22-1-5A06 | Q18: M22-1-5A05 | R18: M22-1-5A04 | S18: M22-1-5A03 | T18: M22-1-5A02 | U18: M22-1-5A01 | V18: M22-1-4A06 | W18: M22-1-4A05 | X18: M22-1-4A04 | Y18: M22-1-4A03 | Z18: M22-1-4A02 | AA18: M22-1-4A01 | AB18: M22-1-3A06 | AC18: M22-1-3A05 | AD18: M22-1-3A04 | AE18: M22-1-3A03 | AF18: M22-1-3A02 | AG18: M22-1-3A01 | AH18: M22-1-2A06 | AI18: M22-1-2A05 | AJ18: M22-1-2A04 | AK18: M22-1-2A03 | AL18: M22-1-2A02 | AM18: M22-1-2A01 | AN18: M22-1-1A06 | AO18: M22-1-1A05 | AP18: M22-1-1A04 | AQ18: M22-1-1A03 | AR18: M22-1-1A02 | AS18: M22-1-1A01 | AT18: M24-1-9A06 | AU18: M24-1-9A05 | AV18: M24-1-9A04 | AW18: M24-1-9A03 | AX18: M24-1-9A02 | AY18: M24-1-9A01 | AZ18: M24-1-8A03 | BA18: =IFERROR(VLOOKUP(AZ18,'Module Items'!$A$1:$B$2587,2,FALSE),"") -> 4074 | BB18: =IFERROR(VLOOKUP(AZ18,'Monthly Line Picks'!$A$1:$D$2000,4,FALSE),"0") -> 4 | BC18: M24-1-8B02 | BD18: =IFERROR(VLOOKUP(BC18,'Module Items'!$A$1:$B$2587,2,FALSE),"") -> 10223 | BE18: =IFERROR(VLOOKUP(BC18,'Monthly Line Picks'!$A$1:$D$2000,4,FALSE),"0") -> 19 | BF18: M24-1-8B09 | BG18: =IFERROR(VLOOKUP(BF18,'Module Items'!$A$1:$B$2587,2,FALSE),"") -> 10971 | BH18: =IFERROR(VLOOKUP(BF18,'Monthly Line Picks'!$A$1:$D$2000,4,FALSE),"0") -> 5 | BI18: M24-1-8C06 | BJ18: =IFERROR(VLOOKUP(BI18,'Module Items'!$A$1:$B$2587,2,FALSE),"") -> 9928 | BK18: =IFERROR(VLOOKUP(BI18,'Monthly Line Picks'!$A$1:$D$2000,4,FALSE),"0") -> 2 | BL18: M24-1-8D05 | BM18: =IFERROR(VLOOKUP(BL18,'Module Items'!$A$1:$B$2587,2,FALSE),"") -> 398 | BN18: =IFERROR(VLOOKUP(BL18,'Monthly Line Picks'!$A$1:$D$2000,4,FALSE),"0") -> 4 | BO18: M24-1-8E04 | BP18: =IFERROR(VLOOKUP(BO18,'Module Items'!$A$1:$B$2587,2,FALSE),"") | BQ18: =IFERROR(VLOOKUP(BO18,'Monthly Line Picks'!$A$1:$D$2000,4,FALSE),"0") -> 0 | BU18: M24-1-7A03 | BV18: M24-1-7A02 | BW18: M24-1-7A01 | BX18: M24-1-6A06 | BY18: M24-1-6A05 | BZ18: M24-1-6A04 | CA18: M24-1-6A03 | CB18: M24-1-6A02 | CC18: M24-1-6A01 | CD18: M24-1-5A06 | CE18: M24-1-5A05 | CF18: M24-1-5A04 | CG18: M24-1-5A03 | CH18: M24-1-5A02 | CI18: M24-1-5A01 | CJ18: M24-1-4A06 | CK18: M24-1-4A05 | CL18: M24-1-4A04 | CM18: M24-1-4A03 | CN18: M24-1-4A02 | CO18: M24-1-4A01 | CP18: M24-1-3A06 | CQ18: M24-1-3A05 | CR18: M24-1-3A04 | CS18: M24-1-3A03 | CT18: M24-1-3A02 | CU18: M24-1-3A01 | CV18: M24-1-2A06 | CW18: M24-1-2A05 | CX18: M24-1-2A04 | CY18: M24-1-2A03 | CZ18: M24-1-2A02 | DA18: M24-1-2A01 | DB18: M24-1-1A03 | DC18: =IFERROR(VLOOKUP(DB18,'Module Items'!$A$1:$B$2587,2,FALSE),"") -> 5798 | DD18: =IFERROR(VLOOKUP(DB18,'Monthly Line Picks'!$A$1:$D$2000,4,FALSE),"0") -> 9 | DE18: M24-1-1B02 | DF18: =IFERROR(VLOOKUP(DE18,'Module Items'!$A$1:$B$2587,2,FALSE),"") -> 107830 | DG18: =IFERROR(VLOOKUP(DE18,'Monthly Line Picks'!$A$1:$D$2000,4,FALSE),"0") -> 22 | DH18: M24-1-1B09 | DI18: =IFERROR(VLOOKUP(DH18,'Module Items'!$A$1:$B$2587,2,FALSE),"") -> 141070 | DJ18: =IFERROR(VLOOKUP(DH18,'Monthly Line Picks'!$A$1:$D$2000,4,FALSE),"0") -> 2 | DK18: M24-1-1C06 | DL18: =IFERROR(VLOOKUP(DK18,'Module Items'!$A$1:$B$2587,2,FALSE),"") -> 76893 | DM18: =IFERROR(VLOOKUP(DK18,'Monthly Line Picks'!$A$1:$D$2000,4,FALSE),"0") -> 12 | DN18: M24-1-1D05 | DO18: =IFERROR(VLOOKUP(DN18,'Module Items'!$A$1:$B$2587,2,FALSE),"") -> 140966 | DP18: =IFERROR(VLOOKUP(DN18,'Monthly Line Picks'!$A$1:$D$2000,4,FALSE),"0") -> 3 | DQ18: M24-1-1E04 | DR18: =IFERROR(VLOOKUP(DQ18,'Module Items'!$A$1:$B$2587,2,FALSE),"") -> 140965 | DS18: =IFERROR(VLOOKUP(DQ18,'Monthly Line Picks'!$A$1:$D$2000,4,FALSE),"0") -> 0
J19: =IFERROR(VLOOKUP(J21,'Monthly Line Picks'!$A$1:$D$1458,4,FALSE),"0") -> 0 | K19: =IFERROR(VLOOKUP(K21,'Monthly Line Picks'!$A$1:$D$1458,4,FALSE),"0") -> 0 | L19: =IFERROR(VLOOKUP(L21,'Monthly Line Picks'!$A$1:$D$1458,4,FALSE),"0") -> 0 | M19: =IFERROR(VLOOKUP(M21,'Monthly Line Picks'!$A$1:$D$1458,4,FALSE),"0") -> 25 | N19: =IFERROR(VLOOKUP(N21,'Monthly Line Picks'!$A$1:$D$1458,4,FALSE),"0") -> 10 | O19: =IFERROR(VLOOKUP(O21,'Monthly Line Picks'!$A$1:$D$1458,4,FALSE),"0") -> 13 | P19: =IFERROR(VLOOKUP(P21,'Monthly Line Picks'!$A$1:$D$1458,4,FALSE),"0") -> 17 | Q19: =IFERROR(VLOOKUP(Q21,'Monthly Line Picks'!$A$1:$D$1458,4,FALSE),"0") -> 0 | ... AY19: =IFERROR(VLOOKUP(AY21,'Monthly Line Picks'!$A$1:$D$1458,4,FALSE),"0") -> 22 | AZ19: M24-1-8A04 | BA19: =IFERROR(VLOOKUP(AZ19,'Module Items'!$A$1:$B$2587,2,FALSE),"") -> 5737 | BB19: =IFERROR(VLOOKUP(AZ19,'Monthly Line Picks'!$A$1:$D$2000,4,FALSE),"0") -> 2 | BC19: M24-1-8B03 | BD19: =IFERROR(VLOOKUP(BC19,'Module Items'!$A$1:$B$2587,2,FALSE),"") -> 141099 | BE19: =IFERROR(VLOOKUP(BC19,'Monthly Line Picks'!$A$1:$D$2000,4,FALSE),"0") -> 0 | BF19: M24-1-8B10 | BG19: =IFERROR(VLOOKUP(BF19,'Module Items'!$A$1:$B$2587,2,FALSE),"") -> 2217 | BH19: =IFERROR(VLOOKUP(BF19,'Monthly Line Picks'!$A$1:$D$2000,4,FALSE),"0") -> 1 | BI19: M24-1-8C07 | BJ19: =IFERROR(VLOOKUP(BI19,'Module Items'!$A$1:$B$2587,2,FALSE),"") -> 110437 | BK19: =IFERROR(VLOOKUP(BI19,'Monthly Line Picks'!$A$1:$D$2000,4,FALSE),"0") -> 4 | BL19: M24-1-8D06 | BM19: =IFERROR(VLOOKUP(BL19,'Module Items'!$A$1:$B$2587,2,FALSE),"") -> 140958 | BN19: =IFERROR(VLOOKUP(BL19,'Monthly Line Picks'!$A$1:$D$2000,4,FALSE),"0") -> 0 | BO19: M24-1-8E05 | BP19: =IFERROR(VLOOKUP(BO19,'Module Items'!$A$1:$B$2587,2,FALSE),"") -> 6965 | BQ19: =IFERROR(VLOOKUP(BO19,'Monthly Line Picks'!$A$1:$D$2000,4,FALSE),"0") -> 0 | BU19: =IFERROR(VLOOKUP(BU21,'Monthly Line Picks'!$A$1:$D$1458,4,FALSE),"0") -> 5 | BV19: =IFERROR(VLOOKUP(BV21,'Monthly Line Picks'!$A$1:$D$1458,4,FALSE),"0") -> 0 | BW19: =IFERROR(VLOOKUP(BW21,'Monthly Line Picks'!$A$1:$D$1458,4,FALSE),"0") -> 35 | BX19: =IFERROR(VLOOKUP(BX21,'Monthly Line Picks'!$A$1:$D$1458,4,FALSE),"0") -> 0 | BY19: =IFERROR(VLOOKUP(BY21,'Monthly Line Picks'!$A$1:$D$1458,4,FALSE),"0") -> 0 | BZ19: =IFERROR(VLOOKUP(BZ21,'Monthly Line Picks'!$A$1:$D$1458,4,FALSE),"0") -> 0 | CA19: =IFERROR(VLOOKUP(CA21,'Monthly Line Picks'!$A$1:$D$1458,4,FALSE),"0") -> 0 | CB19: =IFERROR(VLOOKUP(CB21,'Monthly Line Picks'!$A$1:$D$1458,4,FALSE),"0") -> 0 | ... DA19: =IFERROR(VLOOKUP(DA21,'Monthly Line Picks'!$A$1:$D$1458,4,FALSE),"0") -> 5 | DB19: M24-1-1A04 | DC19: =IFERROR(VLOOKUP(DB19,'Module Items'!$A$1:$B$2587,2,FALSE),"") -> 135899 | DD19: =IFERROR(VLOOKUP(DB19,'Monthly Line Picks'!$A$1:$D$2000,4,FALSE),"0") -> 1 | DE19: M24-1-1B03 | DF19: =IFERROR(VLOOKUP(DE19,'Module Items'!$A$1:$B$2587,2,FALSE),"") -> 127809 | DG19: =IFERROR(VLOOKUP(DE19,'Monthly Line Picks'!$A$1:$D$2000,4,FALSE),"0") -> 0 | DH19: M24-1-1B10 | DI19: =IFERROR(VLOOKUP(DH19,'Module Items'!$A$1:$B$2587,2,FALSE),"") -> 141044 | DJ19: =IFERROR(VLOOKUP(DH19,'Monthly Line Picks'!$A$1:$D$2000,4,FALSE),"0") -> 5 | DK19: M24-1-1C07 | DL19: =IFERROR(VLOOKUP(DK19,'Module Items'!$A$1:$B$2587,2,FALSE),"") -> 141031 | DM19: =IFERROR(VLOOKUP(DK19,'Monthly Line Picks'!$A$1:$D$2000,4,FALSE),"0") -> 9 | DN19: M24-1-1D06 | DO19: =IFERROR(VLOOKUP(DN19,'Module Items'!$A$1:$B$2587,2,FALSE),"") -> 141063 | DP19: =IFERROR(VLOOKUP(DN19,'Monthly Line Picks'!$A$1:$D$2000,4,FALSE),"0") -> 2 | DQ19: M24-1-1E05 | DR19: =IFERROR(VLOOKUP(DQ19,'Module Items'!$A$1:$B$2587,2,FALSE),"") -> 140980 | DS19: =IFERROR(VLOOKUP(DQ19,'Monthly Line Picks'!$A$1:$D$2000,4,FALSE),"0") -> 1
J20: =IFERROR(VLOOKUP(J21,'Module Items'!$A$1:$B$2587,2,FALSE),"") -> OPEN | K20: =IFERROR(VLOOKUP(K21,'Module Items'!$A$1:$B$2587,2,FALSE),"") -> 1962 | L20: =IFERROR(VLOOKUP(L21,'Module Items'!$A$1:$B$2587,2,FALSE),"") -> OPEN | M20: =IFERROR(VLOOKUP(M21,'Module Items'!$A$1:$B$2587,2,FALSE),"") -> 66739 | N20: =IFERROR(VLOOKUP(N21,'Module Items'!$A$1:$B$2587,2,FALSE),"") -> 1725 | O20: =IFERROR(VLOOKUP(O21,'Module Items'!$A$1:$B$2587,2,FALSE),"") -> 13541 | P20: =IFERROR(VLOOKUP(P21,'Module Items'!$A$1:$B$2587,2,FALSE),"") -> 321 | Q20: =IFERROR(VLOOKUP(Q21,'Module Items'!$A$1:$B$2587,2,FALSE),"") -> OPEN | ... AY20: =IFERROR(VLOOKUP(AY21,'Module Items'!$A$1:$B$2587,2,FALSE),"") -> 73227 | AZ20: M24-1-8A05 | BA20: =IFERROR(VLOOKUP(AZ20,'Module Items'!$A$1:$B$2587,2,FALSE),"") -> 141047 | BB20: =IFERROR(VLOOKUP(AZ20,'Monthly Line Picks'!$A$1:$D$2000,4,FALSE),"0") -> 4 | BC20: M24-1-8B04 | BD20: =IFERROR(VLOOKUP(BC20,'Module Items'!$A$1:$B$2587,2,FALSE),"") -> 83900 | BE20: =IFERROR(VLOOKUP(BC20,'Monthly Line Picks'!$A$1:$D$2000,4,FALSE),"0") -> 9 | BF20: M24-1-8C01 | BG20: =IFERROR(VLOOKUP(BF20,'Module Items'!$A$1:$B$2587,2,FALSE),"") -> 5964 | BH20: =IFERROR(VLOOKUP(BF20,'Monthly Line Picks'!$A$1:$D$2000,4,FALSE),"0") -> 1 | BI20: M24-1-8C08 | BJ20: =IFERROR(VLOOKUP(BI20,'Module Items'!$A$1:$B$2587,2,FALSE),"") -> 9937 | BK20: =IFERROR(VLOOKUP(BI20,'Monthly Line Picks'!$A$1:$D$2000,4,FALSE),"0") -> 7 | BL20: M24-1-8D07 | BM20: =IFERROR(VLOOKUP(BL20,'Module Items'!$A$1:$B$2587,2,FALSE),"") -> 158011 | BN20: =IFERROR(VLOOKUP(BL20,'Monthly Line Picks'!$A$1:$D$2000,4,FALSE),"0") -> 9 | BO20: M24-1-8E06 | BP20: =IFERROR(VLOOKUP(BO20,'Module Items'!$A$1:$B$2587,2,FALSE),"") -> 141083 | BQ20: =IFERROR(VLOOKUP(BO20,'Monthly Line Picks'!$A$1:$D$2000,4,FALSE),"0") -> 3 | BU20: =IFERROR(VLOOKUP(BU21,'Module Items'!$A$1:$B$2587,2,FALSE),"") -> 114368 | BV20: =IFERROR(VLOOKUP(BV21,'Module Items'!$A$1:$B$2587,2,FALSE),"") -> 112805 | BW20: =IFERROR(VLOOKUP(BW21,'Module Items'!$A$1:$B$2587,2,FALSE),"") -> 114978 | BX20: =IFERROR(VLOOKUP(BX21,'Module Items'!$A$1:$B$2587,2,FALSE),"") | BY20: =IFERROR(VLOOKUP(BY21,'Module Items'!$A$1:$B$2587,2,FALSE),"") | BZ20: =IFERROR(VLOOKUP(BZ21,'Module Items'!$A$1:$B$2587,2,FALSE),"") | CA20: =IFERROR(VLOOKUP(CA21,'Module Items'!$A$1:$B$2587,2,FALSE),"") | CB20: =IFERROR(VLOOKUP(CB21,'Module Items'!$A$1:$B$2587,2,FALSE),"") | ... DA20: =IFERROR(VLOOKUP(DA21,'Module Items'!$A$1:$B$2587,2,FALSE),"") -> 116597 | DB20: M24-1-1A05 | DC20: =IFERROR(VLOOKUP(DB20,'Module Items'!$A$1:$B$2587,2,FALSE),"") -> 9484 | DD20: =IFERROR(VLOOKUP(DB20,'Monthly Line Picks'!$A$1:$D$2000,4,FALSE),"0") -> 1 | DE20: M24-1-1B04 | DF20: =IFERROR(VLOOKUP(DE20,'Module Items'!$A$1:$B$2587,2,FALSE),"") -> 141102 | DG20: =IFERROR(VLOOKUP(DE20,'Monthly Line Picks'!$A$1:$D$2000,4,FALSE),"0") -> 4 | DH20: M24-1-1C01 | DI20: =IFERROR(VLOOKUP(DH20,'Module Items'!$A$1:$B$2587,2,FALSE),"") -> 83902 | DJ20: =IFERROR(VLOOKUP(DH20,'Monthly Line Picks'!$A$1:$D$2000,4,FALSE),"0") -> 27 | DK20: M24-1-1C08 | DL20: =IFERROR(VLOOKUP(DK20,'Module Items'!$A$1:$B$2587,2,FALSE),"") -> 8440 | DM20: =IFERROR(VLOOKUP(DK20,'Monthly Line Picks'!$A$1:$D$2000,4,FALSE),"0") -> 0 | DN20: M24-1-1D07 | DO20: =IFERROR(VLOOKUP(DN20,'Module Items'!$A$1:$B$2587,2,FALSE),"") -> 141113 | DP20: =IFERROR(VLOOKUP(DN20,'Monthly Line Picks'!$A$1:$D$2000,4,FALSE),"0") -> 3 | DQ20: M24-1-1E06 | DR20: =IFERROR(VLOOKUP(DQ20,'Module Items'!$A$1:$B$2587,2,FALSE),"") -> 140983 | DS20: =IFERROR(VLOOKUP(DQ20,'Monthly Line Picks'!$A$1:$D$2000,4,FALSE),"0") -> 0
J21: M22-1-6B06 | K21: M22-1-6B05 | L21: M22-1-6B04 | M21: M22-1-6B03 | N21: M22-1-6B02 | O21: M22-1-6B01 | P21: M22-1-5B06 | Q21: M22-1-5B05 | R21: M22-1-5B04 | S21: M22-1-5B03 | T21: M22-1-5B02 | U21: M22-1-5B01 | V21: M22-1-4B06 | W21: M22-1-4B05 | X21: M22-1-4B04 | Y21: M22-1-4B03 | Z21: M22-1-4B02 | AA21: M22-1-4B01 | AB21: M22-1-3B06 | AC21: M22-1-3B05 | AD21: M22-1-3B04 | AE21: M22-1-3B03 | AF21: M22-1-3B02 | AG21: M22-1-3B01 | AH21: M22-1-2B06 | AI21: M22-1-2B05 | AJ21: M22-1-2B04 | AK21: M22-1-2B03 | AL21: M22-1-2B02 | AM21: M22-1-2B01 | AN21: M22-1-1B06 | AO21: M22-1-1B05 | AP21: M22-1-1B04 | AQ21: M22-1-1B03 | AR21: M22-1-1B02 | AS21: M22-1-1B01 | AT21: M24-1-9B06 | AU21: M24-1-9B05 | AV21: M24-1-9B04 | AW21: M24-1-9B03 | AX21: M24-1-9B02 | AY21: M24-1-9B01 | AZ21: M24-1-8A06 | BA21: =IFERROR(VLOOKUP(AZ21,'Module Items'!$A$1:$B$2587,2,FALSE),"") -> 14999 | BB21: =IFERROR(VLOOKUP(AZ21,'Monthly Line Picks'!$A$1:$D$2000,4,FALSE),"0") -> 0 | BC21: M24-1-8B05 | BD21: =IFERROR(VLOOKUP(BC21,'Module Items'!$A$1:$B$2587,2,FALSE),"") -> 6128 | BE21: =IFERROR(VLOOKUP(BC21,'Monthly Line Picks'!$A$1:$D$2000,4,FALSE),"0") -> 4 | BF21: M24-1-8C02 | BG21: =IFERROR(VLOOKUP(BF21,'Module Items'!$A$1:$B$2587,2,FALSE),"") -> 78262 | BH21: =IFERROR(VLOOKUP(BF21,'Monthly Line Picks'!$A$1:$D$2000,4,FALSE),"0") -> 2 | BI21: M24-1-8C09 | BJ21: =IFERROR(VLOOKUP(BI21,'Module Items'!$A$1:$B$2587,2,FALSE),"") -> 141021 | BK21: =IFERROR(VLOOKUP(BI21,'Monthly Line Picks'!$A$1:$D$2000,4,FALSE),"0") -> 2 | BL21: M24-1-8D08 | BM21: =IFERROR(VLOOKUP(BL21,'Module Items'!$A$1:$B$2587,2,FALSE),"") -> 141077 | BN21: =IFERROR(VLOOKUP(BL21,'Monthly Line Picks'!$A$1:$D$2000,4,FALSE),"0") -> 1 | BO21: M24-1-8E07 | BP21: =IFERROR(VLOOKUP(BO21,'Module Items'!$A$1:$B$2587,2,FALSE),"") -> 20001 | BQ21: =IFERROR(VLOOKUP(BO21,'Monthly Line Picks'!$A$1:$D$2000,4,FALSE),"0") -> 0 | BU21: M24-1-7B03 | BV21: M24-1-7B02 | BW21: M24-1-7B01 | BX21: M24-1-6B06 | BY21: M24-1-6B05 | BZ21: M24-1-6B04 | CA21: M24-1-6B03 | CB21: M24-1-6B02 | CC21: M24-1-6B01 | CD21: M24-1-5B06 | CE21: M24-1-5B05 | CF21: M24-1-5B04 | CG21: M24-1-5B03 | CH21: M24-1-5B02 | CI21: M24-1-5B01 | CJ21: M24-1-4B06 | CK21: M24-1-4B05 | CL21: M24-1-4B04 | CM21: M24-1-4B03 | CN21: M24-1-4B02 | CO21: M24-1-4B01 | CP21: M24-1-3B06 | CQ21: M24-1-3B05 | CR21: M24-1-3B04 | CS21: M24-1-3B03 | CT21: M24-1-3B02 | CU21: M24-1-3B01 | CV21: M24-1-2B06 | CW21: M24-1-2B05 | CX21: M24-1-2B04 | CY21: M24-1-2B03 | CZ21: M24-1-2B02 | DA21: M24-1-2B01 | DB21: M24-1-1A06 | DC21: =IFERROR(VLOOKUP(DB21,'Module Items'!$A$1:$B$2587,2,FALSE),"") -> 141097 | DD21: =IFERROR(VLOOKUP(DB21,'Monthly Line Picks'!$A$1:$D$2000,4,FALSE),"0") -> 0 | DE21: M24-1-1B05 | DF21: =IFERROR(VLOOKUP(DE21,'Module Items'!$A$1:$B$2587,2,FALSE),"") -> 6004 | DG21: =IFERROR(VLOOKUP(DE21,'Monthly Line Picks'!$A$1:$D$2000,4,FALSE),"0") -> 5 | DH21: M24-1-1C02 | DI21: =IFERROR(VLOOKUP(DH21,'Module Items'!$A$1:$B$2587,2,FALSE),"") -> 1510 | DJ21: =IFERROR(VLOOKUP(DH21,'Monthly Line Picks'!$A$1:$D$2000,4,FALSE),"0") -> 9 | DK21: M24-1-1C09 | DL21: =IFERROR(VLOOKUP(DK21,'Module Items'!$A$1:$B$2587,2,FALSE),"") -> 74603 | DM21: =IFERROR(VLOOKUP(DK21,'Monthly Line Picks'!$A$1:$D$2000,4,FALSE),"0") -> 9 | DN21: M24-1-1D08 | DO21: =IFERROR(VLOOKUP(DN21,'Module Items'!$A$1:$B$2587,2,FALSE),"") -> 140981 | DP21: =IFERROR(VLOOKUP(DN21,'Monthly Line Picks'!$A$1:$D$2000,4,FALSE),"0") -> 3 | DQ21: M24-1-1E07 | DR21: =IFERROR(VLOOKUP(DQ21,'Module Items'!$A$1:$B$2587,2,FALSE),"") -> 140996 | DS21: =IFERROR(VLOOKUP(DQ21,'Monthly Line Picks'!$A$1:$D$2000,4,FALSE),"0") -> 3
J22: =IFERROR(VLOOKUP(J24,'Monthly Line Picks'!$A$1:$D$1458,4,FALSE),"0") -> 0 | K22: =IFERROR(VLOOKUP(K24,'Monthly Line Picks'!$A$1:$D$1458,4,FALSE),"0") -> 6 | L22: =IFERROR(VLOOKUP(L24,'Monthly Line Picks'!$A$1:$D$1458,4,FALSE),"0") -> 0 | M22: =IFERROR(VLOOKUP(M24,'Monthly Line Picks'!$A$1:$D$1458,4,FALSE),"0") -> 10 | N22: =IFERROR(VLOOKUP(N24,'Monthly Line Picks'!$A$1:$D$1458,4,FALSE),"0") -> 23 | O22: =IFERROR(VLOOKUP(O24,'Monthly Line Picks'!$A$1:$D$1458,4,FALSE),"0") -> 14 | P22: =IFERROR(VLOOKUP(P24,'Monthly Line Picks'!$A$1:$D$1458,4,FALSE),"0") -> 0 | Q22: =IFERROR(VLOOKUP(Q24,'Monthly Line Picks'!$A$1:$D$1458,4,FALSE),"0") -> 4 | ... AY22: =IFERROR(VLOOKUP(AY24,'Monthly Line Picks'!$A$1:$D$1458,4,FALSE),"0") -> 0 | AZ22: M24-1-8A07 | BA22: =IFERROR(VLOOKUP(AZ22,'Module Items'!$A$1:$B$2587,2,FALSE),"") -> 141092 | BB22: =IFERROR(VLOOKUP(AZ22,'Monthly Line Picks'!$A$1:$D$2000,4,FALSE),"0") -> 1 | BC22: M24-1-8B06 | BD22: =IFERROR(VLOOKUP(BC22,'Module Items'!$A$1:$B$2587,2,FALSE),"") -> 78261 | BE22: =IFERROR(VLOOKUP(BC22,'Monthly Line Picks'!$A$1:$D$2000,4,FALSE),"0") -> 0 | BF22: M24-1-8C03 | BG22: =IFERROR(VLOOKUP(BF22,'Module Items'!$A$1:$B$2587,2,FALSE),"") -> 140907 | BH22: =IFERROR(VLOOKUP(BF22,'Monthly Line Picks'!$A$1:$D$2000,4,FALSE),"0") -> 1 | BI22: M24-1-8C10 | BJ22: =IFERROR(VLOOKUP(BI22,'Module Items'!$A$1:$B$2587,2,FALSE),"") -> 854 | BK22: =IFERROR(VLOOKUP(BI22,'Monthly Line Picks'!$A$1:$D$2000,4,FALSE),"0") -> 1 | BL22: M24-1-8D09 | BM22: =IFERROR(VLOOKUP(BL22,'Module Items'!$A$1:$B$2587,2,FALSE),"") -> 744 | BN22: =IFERROR(VLOOKUP(BL22,'Monthly Line Picks'!$A$1:$D$2000,4,FALSE),"0") -> 0 | BO22: M24-1-8E08 | BP22: =IFERROR(VLOOKUP(BO22,'Module Items'!$A$1:$B$2587,2,FALSE),"") -> 5846 | BQ22: =IFERROR(VLOOKUP(BO22,'Monthly Line Picks'!$A$1:$D$2000,4,FALSE),"0") -> 2 | BU22: =IFERROR(VLOOKUP(BU24,'Monthly Line Picks'!$A$1:$D$1458,4,FALSE),"0") -> 0 | BV22: =IFERROR(VLOOKUP(BV24,'Monthly Line Picks'!$A$1:$D$1458,4,FALSE),"0") -> 0 | BW22: =IFERROR(VLOOKUP(BW24,'Monthly Line Picks'!$A$1:$D$1458,4,FALSE),"0") -> 0 | BX22: =IFERROR(VLOOKUP(BX24,'Monthly Line Picks'!$A$1:$D$1458,4,FALSE),"0") -> 0 | BY22: =IFERROR(VLOOKUP(BY24,'Monthly Line Picks'!$A$1:$D$1458,4,FALSE),"0") -> 0 | BZ22: =IFERROR(VLOOKUP(BZ24,'Monthly Line Picks'!$A$1:$D$1458,4,FALSE),"0") -> 0 | CA22: =IFERROR(VLOOKUP(CA24,'Monthly Line Picks'!$A$1:$D$1458,4,FALSE),"0") -> 0 | CB22: =IFERROR(VLOOKUP(CB24,'Monthly Line Picks'!$A$1:$D$1458,4,FALSE),"0") -> 0 | ... DA22: =IFERROR(VLOOKUP(DA24,'Monthly Line Picks'!$A$1:$D$1458,4,FALSE),"0") -> 0 | DB22: M24-1-1A07 | DC22: =IFERROR(VLOOKUP(DB22,'Module Items'!$A$1:$B$2587,2,FALSE),"") -> 141093 | DD22: =IFERROR(VLOOKUP(DB22,'Monthly Line Picks'!$A$1:$D$2000,4,FALSE),"0") -> 2 | DE22: M24-1-1B06 | DF22: =IFERROR(VLOOKUP(DE22,'Module Items'!$A$1:$B$2587,2,FALSE),"") -> 141069 | DG22: =IFERROR(VLOOKUP(DE22,'Monthly Line Picks'!$A$1:$D$2000,4,FALSE),"0") -> 5 | DH22: M24-1-1C03 | DI22: =IFERROR(VLOOKUP(DH22,'Module Items'!$A$1:$B$2587,2,FALSE),"") -> 141016 | DJ22: =IFERROR(VLOOKUP(DH22,'Monthly Line Picks'!$A$1:$D$2000,4,FALSE),"0") -> 7 | DK22: M24-1-1C10 | DL22: =IFERROR(VLOOKUP(DK22,'Module Items'!$A$1:$B$2587,2,FALSE),"") -> 3778 | DM22: =IFERROR(VLOOKUP(DK22,'Monthly Line Picks'!$A$1:$D$2000,4,FALSE),"0") -> 5 | DN22: M24-1-1D09 | DO22: =IFERROR(VLOOKUP(DN22,'Module Items'!$A$1:$B$2587,2,FALSE),"") -> 7280 | DP22: =IFERROR(VLOOKUP(DN22,'Monthly Line Picks'!$A$1:$D$2000,4,FALSE),"0") -> 2 | DQ22: M24-1-1E08 | DR22: =IFERROR(VLOOKUP(DQ22,'Module Items'!$A$1:$B$2587,2,FALSE),"") -> 156770 | DS22: =IFERROR(VLOOKUP(DQ22,'Monthly Line Picks'!$A$1:$D$2000,4,FALSE),"0") -> 0
J23: =IFERROR(VLOOKUP(J24,'Module Items'!$A$1:$B$2587,2,FALSE),"") | K23: =IFERROR(VLOOKUP(K24,'Module Items'!$A$1:$B$2587,2,FALSE),"") -> 177697 | L23: =IFERROR(VLOOKUP(L24,'Module Items'!$A$1:$B$2587,2,FALSE),"") -> OPEN | M23: =IFERROR(VLOOKUP(M24,'Module Items'!$A$1:$B$2587,2,FALSE),"") -> 336 | N23: =IFERROR(VLOOKUP(N24,'Module Items'!$A$1:$B$2587,2,FALSE),"") -> 786 | O23: =IFERROR(VLOOKUP(O24,'Module Items'!$A$1:$B$2587,2,FALSE),"") -> 114380 | P23: =IFERROR(VLOOKUP(P24,'Module Items'!$A$1:$B$2587,2,FALSE),"") -> OPEN | Q23: =IFERROR(VLOOKUP(Q24,'Module Items'!$A$1:$B$2587,2,FALSE),"") -> 156809 | ... AY23: =IFERROR(VLOOKUP(AY24,'Module Items'!$A$1:$B$2587,2,FALSE),"") -> 59 | AZ23: M24-1-8A08 | BA23: =IFERROR(VLOOKUP(AZ23,'Module Items'!$A$1:$B$2587,2,FALSE),"") -> 88650 | BB23: =IFERROR(VLOOKUP(AZ23,'Monthly Line Picks'!$A$1:$D$2000,4,FALSE),"0") -> 2 | BC23: M24-1-8B07 | BD23: =IFERROR(VLOOKUP(BC23,'Module Items'!$A$1:$B$2587,2,FALSE),"") -> 140938 | BE23: =IFERROR(VLOOKUP(BC23,'Monthly Line Picks'!$A$1:$D$2000,4,FALSE),"0") -> 3 | BF23: M24-1-8C04 | BG23: =IFERROR(VLOOKUP(BF23,'Module Items'!$A$1:$B$2587,2,FALSE),"") -> 47842 | BH23: =IFERROR(VLOOKUP(BF23,'Monthly Line Picks'!$A$1:$D$2000,4,FALSE),"0") -> 1 | BI23: M24-1-8D01 | BJ23: =IFERROR(VLOOKUP(BI23,'Module Items'!$A$1:$B$2587,2,FALSE),"") -> 820 | BK23: =IFERROR(VLOOKUP(BI23,'Monthly Line Picks'!$A$1:$D$2000,4,FALSE),"0") -> 4 | BL23: M24-1-8D10 | BM23: =IFERROR(VLOOKUP(BL23,'Module Items'!$A$1:$B$2587,2,FALSE),"") -> 141020 | BN23: =IFERROR(VLOOKUP(BL23,'Monthly Line Picks'!$A$1:$D$2000,4,FALSE),"0") -> 0 | BO23: M24-1-8E09 | BP23: =IFERROR(VLOOKUP(BO23,'Module Items'!$A$1:$B$2587,2,FALSE),"") -> 14434 | BQ23: =IFERROR(VLOOKUP(BO23,'Monthly Line Picks'!$A$1:$D$2000,4,FALSE),"0") -> 2 | BU23: =IFERROR(VLOOKUP(BU24,'Module Items'!$A$1:$B$2587,2,FALSE),"") | BV23: =IFERROR(VLOOKUP(BV24,'Module Items'!$A$1:$B$2587,2,FALSE),"") -> OPEN | BW23: =IFERROR(VLOOKUP(BW24,'Module Items'!$A$1:$B$2587,2,FALSE),"") -> OPEN | BX23: =IFERROR(VLOOKUP(BX24,'Module Items'!$A$1:$B$2587,2,FALSE),"") | BY23: =IFERROR(VLOOKUP(BY24,'Module Items'!$A$1:$B$2587,2,FALSE),"") | BZ23: =IFERROR(VLOOKUP(BZ24,'Module Items'!$A$1:$B$2587,2,FALSE),"") | CA23: =IFERROR(VLOOKUP(CA24,'Module Items'!$A$1:$B$2587,2,FALSE),"") | CB23: =IFERROR(VLOOKUP(CB24,'Module Items'!$A$1:$B$2587,2,FALSE),"") | ... DA23: =IFERROR(VLOOKUP(DA24,'Module Items'!$A$1:$B$2587,2,FALSE),"") -> 100216 | DB23: M24-1-1A08 | DC23: =IFERROR(VLOOKUP(DB23,'Module Items'!$A$1:$B$2587,2,FALSE),"") -> 140947 | DD23: =IFERROR(VLOOKUP(DB23,'Monthly Line Picks'!$A$1:$D$2000,4,FALSE),"0") -> 0 | DE23: M24-1-1B07 | DF23: =IFERROR(VLOOKUP(DE23,'Module Items'!$A$1:$B$2587,2,FALSE),"") -> 141013 | DG23: =IFERROR(VLOOKUP(DE23,'Monthly Line Picks'!$A$1:$D$2000,4,FALSE),"0") -> 1 | DH23: M24-1-1C04 | DI23: =IFERROR(VLOOKUP(DH23,'Module Items'!$A$1:$B$2587,2,FALSE),"") -> 140997 | DJ23: =IFERROR(VLOOKUP(DH23,'Monthly Line Picks'!$A$1:$D$2000,4,FALSE),"0") -> 19 | DK23: M24-1-1D01 | DL23: =IFERROR(VLOOKUP(DK23,'Module Items'!$A$1:$B$2587,2,FALSE),"") -> 140949 | DM23: =IFERROR(VLOOKUP(DK23,'Monthly Line Picks'!$A$1:$D$2000,4,FALSE),"0") -> 0 | DN23: M24-1-1D10 | DO23: =IFERROR(VLOOKUP(DN23,'Module Items'!$A$1:$B$2587,2,FALSE),"") -> 2637 | DP23: =IFERROR(VLOOKUP(DN23,'Monthly Line Picks'!$A$1:$D$2000,4,FALSE),"0") -> 0 | DQ23: M24-1-1E09 | DR23: =IFERROR(VLOOKUP(DQ23,'Module Items'!$A$1:$B$2587,2,FALSE),"") -> 117060 | DS23: =IFERROR(VLOOKUP(DQ23,'Monthly Line Picks'!$A$1:$D$2000,4,FALSE),"0") -> 1
